[{"model": "admin.logentry", "pk": 1, "fields": {"action_time": "2023-07-11T04:31:23.056", "user": 1, "content_type": 8, "object_id": "1", "object_repr": "Computer Science", "action_flag": 1, "change_message": "[{\"added\": {}}]"}}, {"model": "admin.logentry", "pk": 2, "fields": {"action_time": "2023-07-11T04:31:51.924", "user": 1, "content_type": 8, "object_id": "2", "object_repr": "Business", "action_flag": 1, "change_message": "[{\"added\": {}}]"}}, {"model": "admin.logentry", "pk": 3, "fields": {"action_time": "2023-07-11T04:32:23.319", "user": 1, "content_type": 8, "object_id": "3", "object_repr": "Social Sciences", "action_flag": 1, "change_message": "[{\"added\": {}}]"}}, {"model": "admin.logentry", "pk": 4, "fields": {"action_time": "2023-07-11T04:32:42.063", "user": 1, "content_type": 8, "object_id": "4", "object_repr": "Electrical", "action_flag": 1, "change_message": "[{\"added\": {}}]"}}, {"model": "admin.logentry", "pk": 5, "fields": {"action_time": "2023-07-11T04:33:21.498", "user": 1, "content_type": 11, "object_id": "1", "object_repr": "Adeel Ahmed", "action_flag": 1, "change_message": "[{\"added\": {}}]"}}, {"model": "admin.logentry", "pk": 6, "fields": {"action_time": "2023-07-11T04:33:52.179", "user": 1, "content_type": 11, "object_id": "2", "object_repr": "Aznam", "action_flag": 1, "change_message": "[{\"added\": {}}]"}}, {"model": "admin.logentry", "pk": 7, "fields": {"action_time": "2023-07-11T04:34:17.766", "user": 1, "content_type": 11, "object_id": "3", "object_repr": "Madhi", "action_flag": 1, "change_message": "[{\"added\": {}}]"}}, {"model": "admin.logentry", "pk": 8, "fields": {"action_time": "2023-07-11T04:35:16.902", "user": 1, "content_type": 7, "object_id": "1", "object_repr": "Internet Applications", "action_flag": 1, "change_message": "[{\"added\": {}}]"}}, {"model": "admin.logentry", "pk": 9, "fields": {"action_time": "2023-07-11T04:35:24.693", "user": 1, "content_type": 7, "object_id": "1", "object_repr": "Internet Applications", "action_flag": 2, "change_message": "[]"}}, {"model": "admin.logentry", "pk": 10, "fields": {"action_time": "2023-07-11T04:35:28.120", "user": 1, "content_type": 7, "object_id": "1", "object_repr": "Internet Applications", "action_flag": 2, "change_message": "[]"}}, {"model": "admin.logentry", "pk": 11, "fields": {"action_time": "2023-07-11T04:35:30.387", "user": 1, "content_type": 7, "object_id": "1", "object_repr": "Internet Applications", "action_flag": 2, "change_message": "[]"}}, {"model": "admin.logentry", "pk": 12, "fields": {"action_time": "2023-07-11T04:36:23.007", "user": 1, "content_type": 9, "object_id": "1", "object_repr": "Jaskaran Singh", "action_flag": 1, "change_message": "[{\"added\": {}}]"}}, {"model": "admin.logentry", "pk": 13, "fields": {"action_time": "2023-07-11T04:39:39.741", "user": 1, "content_type": 4, "object_id": "2", "object_repr": "Jaskaran", "action_flag": 1, "change_message": "[{\"added\": {}}]"}}, {"model": "admin.logentry", "pk": 14, "fields": {"action_time": "2023-07-11T04:41:29.622", "user": 1, "content_type": 4, "object_id": "2", "object_repr": "Jaskaran", "action_flag": 2, "change_message": "[{\"changed\": {\"fields\": [\"First name\", \"Last name\", \"Email address\", \"Staff status\", \"Superuser status\", \"Last login\"]}}]"}}, {"model": "admin.logentry", "pk": 15, "fields": {"action_time": "2023-07-11T04:45:19.450", "user": 1, "content_type": 9, "object_id": "2", "object_repr": "Harjot Singh", "action_flag": 1, "change_message": "[{\"added\": {}}]"}}, {"model": "admin.logentry", "pk": 16, "fields": {"action_time": "2023-07-11T04:45:58.618", "user": 1, "content_type": 7, "object_id": "2", "object_repr": "Software Engineering", "action_flag": 1, "change_message": "[{\"added\": {}}]"}}, {"model": "admin.logentry", "pk": 17, "fields": {"action_time": "2023-07-11T04:50:58.779", "user": 1, "content_type": 4, "object_id": "3", "object_repr": "Harjot", "action_flag": 1, "change_message": "[{\"added\": {}}]"}}, {"model": "admin.logentry", "pk": 18, "fields": {"action_time": "2023-07-11T04:51:44.797", "user": 1, "content_type": 4, "object_id": "3", "object_repr": "Harjot", "action_flag": 2, "change_message": "[{\"changed\": {\"fields\": [\"First name\", \"Last name\", \"Email address\", \"Superuser status\", \"User permissions\", \"Last login\"]}}]"}}, {"model": "admin.logentry", "pk": 19, "fields": {"action_time": "2023-07-11T04:51:55.005", "user": 1, "content_type": 4, "object_id": "2", "object_repr": "Jaskaran", "action_flag": 2, "change_message": "[{\"changed\": {\"fields\": [\"User permissions\"]}}]"}}, {"model": "admin.logentry", "pk": 20, "fields": {"action_time": "2023-07-11T04:52:12.273", "user": 1, "content_type": 4, "object_id": "3", "object_repr": "Harjot", "action_flag": 2, "change_message": "[{\"changed\": {\"fields\": [\"Staff status\"]}}]"}}, {"model": "admin.logentry", "pk": 21, "fields": {"action_time": "2023-07-11T04:57:18.576", "user": 1, "content_type": 7, "object_id": "1", "object_repr": "Internet Applications", "action_flag": 2, "change_message": "[{\"changed\": {\"fields\": [\"StudentKey\"]}}]"}}, {"model": "admin.logentry", "pk": 22, "fields": {"action_time": "2023-07-11T04:57:22.287", "user": 1, "content_type": 7, "object_id": "1", "object_repr": "Internet Applications", "action_flag": 2, "change_message": "[]"}}, {"model": "admin.logentry", "pk": 23, "fields": {"action_time": "2023-07-11T04:59:47.533", "user": 1, "content_type": 17, "object_id": "1", "object_repr": "Jaskaran Singh - Internet Applications - 11-07-2023", "action_flag": 1, "change_message": "[{\"added\": {}}]"}}, {"model": "admin.logentry", "pk": 24, "fields": {"action_time": "2023-07-11T05:03:38.337", "user": 1, "content_type": 17, "object_id": "1", "object_repr": "Jaskaran Singh - Internet Applications - 07-07-2023", "action_flag": 2, "change_message": "[{\"changed\": {\"fields\": [\"Date\"]}}]"}}, {"model": "admin.logentry", "pk": 25, "fields": {"action_time": "2023-07-11T05:11:56.399", "user": 1, "content_type": 12, "object_id": "1", "object_repr": "Lab 1", "action_flag": 1, "change_message": "[{\"added\": {}}]"}}, {"model": "admin.logentry", "pk": 26, "fields": {"action_time": "2023-07-11T05:13:54.858", "user": 1, "content_type": 13, "object_id": "1", "object_repr": "11-Jul-23, 05:13 AM", "action_flag": 1, "change_message": "[{\"added\": {}}]"}}, {"model": "admin.logentry", "pk": 27, "fields": {"action_time": "2023-07-11T05:15:08.216", "user": 1, "content_type": 18, "object_id": "1", "object_repr": "Quiz-1", "action_flag": 1, "change_message": "[{\"added\": {}}]"}}, {"model": "admin.logentry", "pk": 28, "fields": {"action_time": "2023-07-11T05:18:24.342", "user": 1, "content_type": 19, "object_id": "1", "object_repr": "my_list = [1, 2, 3, 4, 5]\r\nprint(my_list[1:3])", "action_flag": 1, "change_message": "[{\"added\": {}}]"}}, {"model": "admin.logentry", "pk": 29, "fields": {"action_time": "2023-07-11T05:19:30.759", "user": 1, "content_type": 19, "object_id": "2", "object_repr": "Which of the following is the correct way to open a file named \"data.txt\" in Python for reading?", "action_flag": 1, "change_message": "[{\"added\": {}}]"}}, {"model": "admin.logentry", "pk": 30, "fields": {"action_time": "2023-07-11T05:22:03.396", "user": 1, "content_type": 18, "object_id": "1", "object_repr": "Quiz-1", "action_flag": 2, "change_message": "[{\"changed\": {\"fields\": [\"Start\", \"Started\"]}}]"}}, {"model": "admin.logentry", "pk": 31, "fields": {"action_time": "2023-07-11T05:29:06.692", "user": 1, "content_type": 7, "object_id": "2", "object_repr": "Software Engineering", "action_flag": 2, "change_message": "[{\"changed\": {\"fields\": [\"Department\"]}}]"}}, {"model": "admin.logentry", "pk": 32, "fields": {"action_time": "2023-07-11T05:41:34.750", "user": 1, "content_type": 9, "object_id": "1", "object_repr": "Jaskaran Singh", "action_flag": 2, "change_message": "[{\"changed\": {\"fields\": [\"Membership\"]}}]"}}, {"model": "admin.logentry", "pk": 33, "fields": {"action_time": "2023-07-11T05:41:39.819", "user": 1, "content_type": 9, "object_id": "2", "object_repr": "Harjot Singh", "action_flag": 2, "change_message": "[{\"changed\": {\"fields\": [\"Membership\"]}}]"}}, {"model": "admin.logentry", "pk": 34, "fields": {"action_time": "2023-07-11T05:42:33.473", "user": 1, "content_type": 9, "object_id": "3", "object_repr": "Adeel", "action_flag": 1, "change_message": "[{\"added\": {}}]"}}, {"model": "admin.logentry", "pk": 35, "fields": {"action_time": "2023-07-11T05:46:01.177", "user": 1, "content_type": 9, "object_id": "1", "object_repr": "Jaskaran Singh", "action_flag": 2, "change_message": "[]"}}, {"model": "admin.logentry", "pk": 36, "fields": {"action_time": "2023-07-11T05:52:48.130", "user": 1, "content_type": 7, "object_id": "2", "object_repr": "Software Engineering", "action_flag": 2, "change_message": "[{\"changed\": {\"fields\": [\"Membership level\"]}}]"}}, {"model": "admin.logentry", "pk": 37, "fields": {"action_time": "2023-07-11T05:52:53.435", "user": 1, "content_type": 7, "object_id": "1", "object_repr": "Internet Applications", "action_flag": 2, "change_message": "[{\"changed\": {\"fields\": [\"Membership level\"]}}]"}}, {"model": "admin.logentry", "pk": 38, "fields": {"action_time": "2023-07-11T06:03:40.113", "user": 1, "content_type": 7, "object_id": "1", "object_repr": "Internet Applications", "action_flag": 2, "change_message": "[{\"changed\": {\"fields\": [\"Membership level\"]}}]"}}, {"model": "admin.logentry", "pk": 39, "fields": {"action_time": "2023-07-11T06:03:55.586", "user": 1, "content_type": 9, "object_id": "1", "object_repr": "Jaskaran Singh", "action_flag": 2, "change_message": "[{\"changed\": {\"fields\": [\"Membership\", \"Course\"]}}]"}}, {"model": "admin.logentry", "pk": 40, "fields": {"action_time": "2023-07-11T06:04:00.959", "user": 1, "content_type": 9, "object_id": "1", "object_repr": "Jaskaran Singh", "action_flag": 2, "change_message": "[{\"changed\": {\"fields\": [\"Membership\"]}}]"}}, {"model": "admin.logentry", "pk": 41, "fields": {"action_time": "2023-07-11T06:04:14.128", "user": 1, "content_type": 7, "object_id": "1", "object_repr": "Internet Applications", "action_flag": 2, "change_message": "[]"}}, {"model": "admin.logentry", "pk": 42, "fields": {"action_time": "2023-07-11T06:20:52.859", "user": 1, "content_type": 9, "object_id": "1", "object_repr": "Jaskaran Singh", "action_flag": 2, "change_message": "[{\"changed\": {\"fields\": [\"Membership\"]}}]"}}, {"model": "admin.logentry", "pk": 43, "fields": {"action_time": "2023-07-11T06:21:00.059", "user": 1, "content_type": 9, "object_id": "1", "object_repr": "Jaskaran Singh", "action_flag": 2, "change_message": "[{\"changed\": {\"fields\": [\"Membership\", \"Course\"]}}]"}}, {"model": "admin.logentry", "pk": 44, "fields": {"action_time": "2023-07-11T06:21:08.400", "user": 1, "content_type": 7, "object_id": "2", "object_repr": "Software Engineering", "action_flag": 2, "change_message": "[{\"changed\": {\"fields\": [\"Membership level\"]}}]"}}, {"model": "admin.logentry", "pk": 45, "fields": {"action_time": "2023-07-11T06:37:23.189", "user": 1, "content_type": 9, "object_id": "1", "object_repr": "Jaskaran Singh", "action_flag": 2, "change_message": "[{\"changed\": {\"fields\": [\"Membership\"]}}]"}}, {"model": "admin.logentry", "pk": 46, "fields": {"action_time": "2023-07-11T06:37:28.127", "user": 1, "content_type": 9, "object_id": "1", "object_repr": "Jaskaran Singh", "action_flag": 2, "change_message": "[{\"changed\": {\"fields\": [\"Membership\"]}}]"}}, {"model": "admin.logentry", "pk": 47, "fields": {"action_time": "2023-07-11T06:37:39.074", "user": 1, "content_type": 9, "object_id": "3", "object_repr": "Adeel", "action_flag": 2, "change_message": "[{\"changed\": {\"fields\": [\"Course\"]}}]"}}, {"model": "admin.logentry", "pk": 48, "fields": {"action_time": "2023-07-11T07:05:30.713", "user": 1, "content_type": 7, "object_id": "2", "object_repr": "Software Engineering", "action_flag": 2, "change_message": "[]"}}, {"model": "admin.logentry", "pk": 49, "fields": {"action_time": "2023-07-11T07:05:33.883", "user": 1, "content_type": 7, "object_id": "1", "object_repr": "Internet Applications", "action_flag": 2, "change_message": "[]"}}, {"model": "admin.logentry", "pk": 50, "fields": {"action_time": "2023-07-11T07:05:40.376", "user": 1, "content_type": 9, "object_id": "1", "object_repr": "Jaskaran Singh", "action_flag": 2, "change_message": "[]"}}, {"model": "admin.logentry", "pk": 51, "fields": {"action_time": "2023-07-11T07:05:49.328", "user": 1, "content_type": 9, "object_id": "2", "object_repr": "Harjot Singh", "action_flag": 2, "change_message": "[]"}}, {"model": "admin.logentry", "pk": 52, "fields": {"action_time": "2023-07-11T07:05:55.755", "user": 1, "content_type": 9, "object_id": "2", "object_repr": "Harjot Singh", "action_flag": 2, "change_message": "[{\"changed\": {\"fields\": [\"Membership\"]}}]"}}, {"model": "admin.logentry", "pk": 53, "fields": {"action_time": "2023-07-11T07:06:08.812", "user": 1, "content_type": 9, "object_id": "2", "object_repr": "Harjot Singh", "action_flag": 2, "change_message": "[{\"changed\": {\"fields\": [\"Membership\"]}}]"}}, {"model": "admin.logentry", "pk": 54, "fields": {"action_time": "2023-07-11T07:06:28.802", "user": 1, "content_type": 9, "object_id": "3", "object_repr": "Adeel", "action_flag": 2, "change_message": "[{\"changed\": {\"fields\": [\"Course\"]}}]"}}, {"model": "admin.logentry", "pk": 55, "fields": {"action_time": "2023-07-11T07:10:20.882", "user": 1, "content_type": 7, "object_id": "2", "object_repr": "Software Engineering", "action_flag": 2, "change_message": "[{\"changed\": {\"fields\": [\"Membership level\"]}}]"}}, {"model": "admin.logentry", "pk": 56, "fields": {"action_time": "2023-07-11T07:11:57.154", "user": 1, "content_type": 7, "object_id": "2", "object_repr": "Software Engineering", "action_flag": 2, "change_message": "[]"}}, {"model": "admin.logentry", "pk": 57, "fields": {"action_time": "2023-07-11T07:13:02.109", "user": 1, "content_type": 7, "object_id": "2", "object_repr": "Software Engineering", "action_flag": 2, "change_message": "[{\"changed\": {\"fields\": [\"Membership level\"]}}]"}}, {"model": "admin.logentry", "pk": 58, "fields": {"action_time": "2023-07-11T07:14:57.982", "user": 1, "content_type": 9, "object_id": "1", "object_repr": "Jaskaran Singh", "action_flag": 2, "change_message": "[{\"changed\": {\"fields\": [\"Membership\"]}}]"}}, {"model": "admin.logentry", "pk": 59, "fields": {"action_time": "2023-07-11T07:15:32.305", "user": 1, "content_type": 9, "object_id": "1", "object_repr": "Jaskaran Singh", "action_flag": 2, "change_message": "[{\"changed\": {\"fields\": [\"Membership\"]}}]"}}, {"model": "admin.logentry", "pk": 60, "fields": {"action_time": "2023-07-11T07:18:51.171", "user": 1, "content_type": 7, "object_id": "2", "object_repr": "Software Engineering", "action_flag": 2, "change_message": "[]"}}, {"model": "admin.logentry", "pk": 61, "fields": {"action_time": "2023-07-11T07:18:53.961", "user": 1, "content_type": 7, "object_id": "1", "object_repr": "Internet Applications", "action_flag": 2, "change_message": "[]"}}, {"model": "admin.logentry", "pk": 62, "fields": {"action_time": "2023-07-11T07:18:59.002", "user": 1, "content_type": 9, "object_id": "1", "object_repr": "Jaskaran Singh", "action_flag": 2, "change_message": "[]"}}, {"model": "admin.logentry", "pk": 63, "fields": {"action_time": "2023-07-11T07:19:02.602", "user": 1, "content_type": 9, "object_id": "2", "object_repr": "Harjot Singh", "action_flag": 2, "change_message": "[]"}}, {"model": "admin.logentry", "pk": 64, "fields": {"action_time": "2023-07-11T07:19:09.031", "user": 1, "content_type": 9, "object_id": "3", "object_repr": "Adeel", "action_flag": 2, "change_message": "[{\"changed\": {\"fields\": [\"Department\"]}}]"}}, {"model": "admin.logentry", "pk": 65, "fields": {"action_time": "2023-07-11T07:19:27.048", "user": 1, "content_type": 9, "object_id": "3", "object_repr": "Adeel", "action_flag": 2, "change_message": "[]"}}, {"model": "admin.logentry", "pk": 66, "fields": {"action_time": "2023-07-11T07:22:19.822", "user": 1, "content_type": 9, "object_id": "1", "object_repr": "Jaskaran Singh", "action_flag": 2, "change_message": "[{\"changed\": {\"fields\": [\"Course\"]}}]"}}, {"model": "admin.logentry", "pk": 67, "fields": {"action_time": "2023-07-11T07:23:24.093", "user": 1, "content_type": 7, "object_id": "2", "object_repr": "Software Engineering", "action_flag": 2, "change_message": "[{\"changed\": {\"fields\": [\"Membership level\"]}}]"}}, {"model": "admin.logentry", "pk": 68, "fields": {"action_time": "2023-07-11T07:24:05.193", "user": 1, "content_type": 7, "object_id": "2", "object_repr": "Software Engineering", "action_flag": 2, "change_message": "[{\"changed\": {\"fields\": [\"Membership level\"]}}]"}}, {"model": "admin.logentry", "pk": 69, "fields": {"action_time": "2023-07-11T07:24:12.387", "user": 1, "content_type": 9, "object_id": "1", "object_repr": "Jaskaran Singh", "action_flag": 2, "change_message": "[{\"changed\": {\"fields\": [\"Course\"]}}]"}}, {"model": "admin.logentry", "pk": 70, "fields": {"action_time": "2023-07-13T22:28:15.390", "user": 1, "content_type": 21, "object_id": "1", "object_repr": "Payment - 1", "action_flag": 1, "change_message": "[{\"added\": {}}]"}}, {"model": "admin.logentry", "pk": 71, "fields": {"action_time": "2023-07-13T22:28:24.122", "user": 1, "content_type": 21, "object_id": "1", "object_repr": "Payment - 1", "action_flag": 2, "change_message": "[{\"changed\": {\"fields\": [\"Amount\"]}}]"}}, {"model": "admin.logentry", "pk": 72, "fields": {"action_time": "2023-07-13T23:01:33.635", "user": 1, "content_type": 21, "object_id": "2", "object_repr": "Payment - 2", "action_flag": 1, "change_message": "[{\"added\": {}}]"}}, {"model": "admin.logentry", "pk": 73, "fields": {"action_time": "2023-07-14T02:49:05.092", "user": 1, "content_type": 7, "object_id": "2", "object_repr": "Software Engineering", "action_flag": 2, "change_message": "[{\"changed\": {\"fields\": [\"Description\"]}}]"}}, {"model": "admin.logentry", "pk": 74, "fields": {"action_time": "2023-07-14T02:49:27.021", "user": 1, "content_type": 7, "object_id": "1", "object_repr": "Internet Applications", "action_flag": 2, "change_message": "[{\"changed\": {\"fields\": [\"Description\"]}}]"}}, {"model": "admin.logentry", "pk": 75, "fields": {"action_time": "2023-07-14T03:20:54.955", "user": 1, "content_type": 21, "object_id": "32", "object_repr": "Payment - 32", "action_flag": 3, "change_message": ""}}, {"model": "admin.logentry", "pk": 76, "fields": {"action_time": "2023-07-14T03:20:54.960", "user": 1, "content_type": 21, "object_id": "31", "object_repr": "Payment - 31", "action_flag": 3, "change_message": ""}}, {"model": "admin.logentry", "pk": 77, "fields": {"action_time": "2023-07-14T03:20:54.962", "user": 1, "content_type": 21, "object_id": "30", "object_repr": "Payment - 30", "action_flag": 3, "change_message": ""}}, {"model": "admin.logentry", "pk": 78, "fields": {"action_time": "2023-07-14T03:20:54.963", "user": 1, "content_type": 21, "object_id": "29", "object_repr": "Payment - 29", "action_flag": 3, "change_message": ""}}, {"model": "admin.logentry", "pk": 79, "fields": {"action_time": "2023-07-14T03:20:54.965", "user": 1, "content_type": 21, "object_id": "28", "object_repr": "Payment - 28", "action_flag": 3, "change_message": ""}}, {"model": "admin.logentry", "pk": 80, "fields": {"action_time": "2023-07-14T03:20:54.966", "user": 1, "content_type": 21, "object_id": "27", "object_repr": "Payment - 27", "action_flag": 3, "change_message": ""}}, {"model": "admin.logentry", "pk": 81, "fields": {"action_time": "2023-07-14T03:20:54.968", "user": 1, "content_type": 21, "object_id": "26", "object_repr": "Payment - 26", "action_flag": 3, "change_message": ""}}, {"model": "admin.logentry", "pk": 82, "fields": {"action_time": "2023-07-14T03:20:54.969", "user": 1, "content_type": 21, "object_id": "25", "object_repr": "Payment - 25", "action_flag": 3, "change_message": ""}}, {"model": "admin.logentry", "pk": 83, "fields": {"action_time": "2023-07-14T03:20:54.970", "user": 1, "content_type": 21, "object_id": "24", "object_repr": "Payment - 24", "action_flag": 3, "change_message": ""}}, {"model": "admin.logentry", "pk": 84, "fields": {"action_time": "2023-07-14T03:20:54.971", "user": 1, "content_type": 21, "object_id": "23", "object_repr": "Payment - 23", "action_flag": 3, "change_message": ""}}, {"model": "admin.logentry", "pk": 85, "fields": {"action_time": "2023-07-14T03:20:54.972", "user": 1, "content_type": 21, "object_id": "22", "object_repr": "Payment - 22", "action_flag": 3, "change_message": ""}}, {"model": "admin.logentry", "pk": 86, "fields": {"action_time": "2023-07-14T03:20:54.973", "user": 1, "content_type": 21, "object_id": "21", "object_repr": "Payment - 21", "action_flag": 3, "change_message": ""}}, {"model": "admin.logentry", "pk": 87, "fields": {"action_time": "2023-07-14T03:20:54.974", "user": 1, "content_type": 21, "object_id": "20", "object_repr": "Payment - 20", "action_flag": 3, "change_message": ""}}, {"model": "admin.logentry", "pk": 88, "fields": {"action_time": "2023-07-14T03:20:54.975", "user": 1, "content_type": 21, "object_id": "19", "object_repr": "Payment - 19", "action_flag": 3, "change_message": ""}}, {"model": "admin.logentry", "pk": 89, "fields": {"action_time": "2023-07-14T03:20:54.976", "user": 1, "content_type": 21, "object_id": "18", "object_repr": "Payment - 18", "action_flag": 3, "change_message": ""}}, {"model": "admin.logentry", "pk": 90, "fields": {"action_time": "2023-07-14T03:20:54.978", "user": 1, "content_type": 21, "object_id": "17", "object_repr": "Payment - 17", "action_flag": 3, "change_message": ""}}, {"model": "admin.logentry", "pk": 91, "fields": {"action_time": "2023-07-14T03:20:54.979", "user": 1, "content_type": 21, "object_id": "16", "object_repr": "Payment - 16", "action_flag": 3, "change_message": ""}}, {"model": "admin.logentry", "pk": 92, "fields": {"action_time": "2023-07-14T03:20:54.980", "user": 1, "content_type": 21, "object_id": "15", "object_repr": "Payment - 15", "action_flag": 3, "change_message": ""}}, {"model": "admin.logentry", "pk": 93, "fields": {"action_time": "2023-07-14T03:20:54.981", "user": 1, "content_type": 21, "object_id": "14", "object_repr": "Payment - 14", "action_flag": 3, "change_message": ""}}, {"model": "admin.logentry", "pk": 94, "fields": {"action_time": "2023-07-14T03:20:54.982", "user": 1, "content_type": 21, "object_id": "13", "object_repr": "Payment - 13", "action_flag": 3, "change_message": ""}}, {"model": "admin.logentry", "pk": 95, "fields": {"action_time": "2023-07-14T03:20:54.983", "user": 1, "content_type": 21, "object_id": "12", "object_repr": "Payment - 12", "action_flag": 3, "change_message": ""}}, {"model": "admin.logentry", "pk": 96, "fields": {"action_time": "2023-07-14T03:20:54.983", "user": 1, "content_type": 21, "object_id": "11", "object_repr": "Payment - 11", "action_flag": 3, "change_message": ""}}, {"model": "admin.logentry", "pk": 97, "fields": {"action_time": "2023-07-14T03:20:54.984", "user": 1, "content_type": 21, "object_id": "10", "object_repr": "Payment - 10", "action_flag": 3, "change_message": ""}}, {"model": "admin.logentry", "pk": 98, "fields": {"action_time": "2023-07-14T03:20:54.985", "user": 1, "content_type": 21, "object_id": "9", "object_repr": "Payment - 9", "action_flag": 3, "change_message": ""}}, {"model": "admin.logentry", "pk": 99, "fields": {"action_time": "2023-07-14T03:20:54.986", "user": 1, "content_type": 21, "object_id": "8", "object_repr": "Payment - 8", "action_flag": 3, "change_message": ""}}, {"model": "admin.logentry", "pk": 100, "fields": {"action_time": "2023-07-14T03:20:54.986", "user": 1, "content_type": 21, "object_id": "7", "object_repr": "Payment - 7", "action_flag": 3, "change_message": ""}}, {"model": "admin.logentry", "pk": 101, "fields": {"action_time": "2023-07-14T03:20:54.987", "user": 1, "content_type": 21, "object_id": "6", "object_repr": "Payment - 6", "action_flag": 3, "change_message": ""}}, {"model": "admin.logentry", "pk": 102, "fields": {"action_time": "2023-07-14T03:20:54.988", "user": 1, "content_type": 21, "object_id": "5", "object_repr": "Payment - 5", "action_flag": 3, "change_message": ""}}, {"model": "admin.logentry", "pk": 103, "fields": {"action_time": "2023-07-14T03:20:54.988", "user": 1, "content_type": 21, "object_id": "4", "object_repr": "Payment - 4", "action_flag": 3, "change_message": ""}}, {"model": "admin.logentry", "pk": 104, "fields": {"action_time": "2023-07-14T03:20:54.989", "user": 1, "content_type": 21, "object_id": "3", "object_repr": "Payment - 3", "action_flag": 3, "change_message": ""}}, {"model": "admin.logentry", "pk": 105, "fields": {"action_time": "2023-07-14T04:51:42.075", "user": 1, "content_type": 7, "object_id": "2", "object_repr": "Software Engineering", "action_flag": 2, "change_message": "[{\"changed\": {\"fields\": [\"Membership level\"]}}]"}}, {"model": "admin.logentry", "pk": 106, "fields": {"action_time": "2023-07-14T04:52:34.861", "user": 1, "content_type": 7, "object_id": "2", "object_repr": "Software Engineering", "action_flag": 2, "change_message": "[{\"changed\": {\"fields\": [\"Membership level\"]}}]"}}, {"model": "admin.logentry", "pk": 107, "fields": {"action_time": "2023-07-14T04:53:44.689", "user": 1, "content_type": 7, "object_id": "2", "object_repr": "Software Engineering", "action_flag": 2, "change_message": "[{\"changed\": {\"fields\": [\"Membership level\"]}}]"}}, {"model": "admin.logentry", "pk": 108, "fields": {"action_time": "2023-07-14T05:22:45.539", "user": 1, "content_type": 9, "object_id": "2", "object_repr": "Harjot Singh", "action_flag": 2, "change_message": "[{\"changed\": {\"fields\": [\"Password\"]}}]"}}, {"model": "admin.logentry", "pk": 109, "fields": {"action_time": "2023-07-18T08:19:59.497", "user": 1, "content_type": 7, "object_id": "3", "object_repr": "Managing Employee", "action_flag": 1, "change_message": "[{\"added\": {}}]"}}, {"model": "admin.logentry", "pk": 110, "fields": {"action_time": "2023-07-18T08:20:05.732", "user": 1, "content_type": 7, "object_id": "3", "object_repr": "Managing Employee", "action_flag": 2, "change_message": "[]"}}, {"model": "admin.logentry", "pk": 111, "fields": {"action_time": "2023-07-18T09:31:02.379", "user": 1, "content_type": 22, "object_id": "1", "object_repr": "Gold", "action_flag": 1, "change_message": "[{\"added\": {}}]"}}, {"model": "admin.logentry", "pk": 112, "fields": {"action_time": "2023-07-18T09:33:15.407", "user": 1, "content_type": 22, "object_id": "2", "object_repr": "Silver", "action_flag": 1, "change_message": "[{\"added\": {}}]"}}, {"model": "admin.logentry", "pk": 113, "fields": {"action_time": "2023-07-18T09:33:40.430", "user": 1, "content_type": 22, "object_id": "3", "object_repr": "Bronze", "action_flag": 1, "change_message": "[{\"added\": {}}]"}}, {"model": "admin.logentry", "pk": 114, "fields": {"action_time": "2023-07-18T10:16:51.513", "user": 1, "content_type": 22, "object_id": "3", "object_repr": "Bronze", "action_flag": 2, "change_message": "[{\"changed\": {\"fields\": [\"Button class\"]}}]"}}, {"model": "admin.logentry", "pk": 115, "fields": {"action_time": "2023-07-18T10:16:58.933", "user": 1, "content_type": 22, "object_id": "2", "object_repr": "Silver", "action_flag": 2, "change_message": "[{\"changed\": {\"fields\": [\"Button class\"]}}]"}}, {"model": "admin.logentry", "pk": 116, "fields": {"action_time": "2023-07-18T10:17:05.791", "user": 1, "content_type": 22, "object_id": "1", "object_repr": "Gold", "action_flag": 2, "change_message": "[{\"changed\": {\"fields\": [\"Button class\"]}}]"}}, {"model": "admin.logentry", "pk": 117, "fields": {"action_time": "2023-07-18T10:19:35.741", "user": 1, "content_type": 22, "object_id": "3", "object_repr": "Bronze", "action_flag": 2, "change_message": "[]"}}, {"model": "admin.logentry", "pk": 118, "fields": {"action_time": "2023-07-18T10:22:09.654", "user": 1, "content_type": 22, "object_id": "2", "object_repr": "Silver", "action_flag": 2, "change_message": "[{\"changed\": {\"fields\": [\"Button class\"]}}]"}}, {"model": "admin.logentry", "pk": 119, "fields": {"action_time": "2023-07-18T10:41:00.894", "user": 1, "content_type": 22, "object_id": "3", "object_repr": "Bronze", "action_flag": 2, "change_message": "[{\"changed\": {\"fields\": [\"Features\"]}}]"}}, {"model": "admin.logentry", "pk": 120, "fields": {"action_time": "2023-07-18T12:37:24.432", "user": 1, "content_type": 22, "object_id": "3", "object_repr": "Bronze", "action_flag": 2, "change_message": "[{\"changed\": {\"fields\": [\"Features\"]}}]"}}, {"model": "admin.logentry", "pk": 121, "fields": {"action_time": "2023-07-18T12:39:01.632", "user": 1, "content_type": 22, "object_id": "3", "object_repr": "Bronze", "action_flag": 2, "change_message": "[{\"changed\": {\"fields\": [\"Features\"]}}]"}}, {"model": "admin.logentry", "pk": 122, "fields": {"action_time": "2023-07-18T12:39:58.807", "user": 1, "content_type": 22, "object_id": "3", "object_repr": "Bronze", "action_flag": 2, "change_message": "[{\"changed\": {\"fields\": [\"Features\"]}}]"}}, {"model": "admin.logentry", "pk": 123, "fields": {"action_time": "2023-07-18T12:42:02.875", "user": 1, "content_type": 22, "object_id": "2", "object_repr": "Silver", "action_flag": 2, "change_message": "[{\"changed\": {\"fields\": [\"Features\"]}}]"}}, {"model": "admin.logentry", "pk": 124, "fields": {"action_time": "2023-07-18T12:42:19.347", "user": 1, "content_type": 22, "object_id": "1", "object_repr": "Gold", "action_flag": 2, "change_message": "[{\"changed\": {\"fields\": [\"Features\"]}}]"}}, {"model": "admin.logentry", "pk": 125, "fields": {"action_time": "2023-07-18T14:25:36.475", "user": 1, "content_type": 22, "object_id": "3", "object_repr": "Bronze", "action_flag": 2, "change_message": "[{\"changed\": {\"fields\": [\"Price\"]}}]"}}, {"model": "admin.logentry", "pk": 126, "fields": {"action_time": "2023-07-18T14:25:45.203", "user": 1, "content_type": 22, "object_id": "2", "object_repr": "Silver", "action_flag": 2, "change_message": "[{\"changed\": {\"fields\": [\"Price\"]}}]"}}, {"model": "admin.logentry", "pk": 127, "fields": {"action_time": "2023-07-18T14:25:53.913", "user": 1, "content_type": 22, "object_id": "1", "object_repr": "Gold", "action_flag": 2, "change_message": "[{\"changed\": {\"fields\": [\"Price\"]}}]"}}, {"model": "admin.logentry", "pk": 128, "fields": {"action_time": "2023-07-19T03:59:43.706", "user": 1, "content_type": 9, "object_id": "4", "object_repr": "Shubham", "action_flag": 1, "change_message": "[{\"added\": {}}]"}}, {"model": "admin.logentry", "pk": 129, "fields": {"action_time": "2023-07-19T06:09:36.370", "user": 1, "content_type": 7, "object_id": "4", "object_repr": "Introduction to AI", "action_flag": 2, "change_message": "[{\"changed\": {\"fields\": [\"Faculty\"]}}]"}}, {"model": "admin.logentry", "pk": 130, "fields": {"action_time": "2023-07-19T06:15:15.162", "user": 1, "content_type": 7, "object_id": "6", "object_repr": "savvy", "action_flag": 3, "change_message": ""}}, {"model": "admin.logentry", "pk": 131, "fields": {"action_time": "2023-07-19T06:15:25.137", "user": 1, "content_type": 7, "object_id": "5", "object_repr": "Advanced Topics in AI", "action_flag": 2, "change_message": "[{\"changed\": {\"fields\": [\"Faculty\"]}}]"}}, {"model": "admin.logentry", "pk": 132, "fields": {"action_time": "2023-07-19T06:35:08.379", "user": 1, "content_type": 7, "object_id": "7", "object_repr": "Marketing", "action_flag": 2, "change_message": "[{\"changed\": {\"fields\": [\"Faculty\"]}}]"}}, {"model": "admin.logentry", "pk": 133, "fields": {"action_time": "2023-07-19T13:03:10.617", "user": 1, "content_type": 9, "object_id": "1", "object_repr": "Jaskaran Singh", "action_flag": 2, "change_message": "[{\"changed\": {\"fields\": [\"Password\"]}}]"}}, {"model": "admin.logentry", "pk": 134, "fields": {"action_time": "2023-07-19T13:09:41.376", "user": 1, "content_type": 9, "object_id": "1", "object_repr": "Jaskaran Singh", "action_flag": 2, "change_message": "[{\"changed\": {\"fields\": [\"Password\"]}}]"}}, {"model": "admin.logentry", "pk": 135, "fields": {"action_time": "2023-07-20T08:50:28.048", "user": 1, "content_type": 7, "object_id": "8", "object_repr": "Internship Project", "action_flag": 2, "change_message": "[{\"changed\": {\"fields\": [\"Membership level\"]}}]"}}, {"model": "admin.logentry", "pk": 136, "fields": {"action_time": "2023-07-20T08:50:33.467", "user": 1, "content_type": 7, "object_id": "7", "object_repr": "Marketing", "action_flag": 2, "change_message": "[{\"changed\": {\"fields\": [\"Membership level\"]}}]"}}, {"model": "admin.logentry", "pk": 137, "fields": {"action_time": "2023-07-20T08:58:06.238", "user": 1, "content_type": 9, "object_id": "9", "object_repr": "Rahul", "action_flag": 2, "change_message": "[{\"changed\": {\"fields\": [\"Password\"]}}]"}}, {"model": "admin.logentry", "pk": 138, "fields": {"action_time": "2023-07-20T08:58:20.214", "user": 1, "content_type": 9, "object_id": "9", "object_repr": "Rahul", "action_flag": 2, "change_message": "[{\"changed\": {\"fields\": [\"Password\"]}}]"}}, {"model": "admin.logentry", "pk": 139, "fields": {"action_time": "2023-07-21T05:14:51.246", "user": 1, "content_type": 9, "object_id": "1", "object_repr": "Jaskaran Singh", "action_flag": 2, "change_message": "[{\"changed\": {\"fields\": [\"Course\"]}}]"}}, {"model": "admin.logentry", "pk": 140, "fields": {"action_time": "2023-07-21T05:14:55.299", "user": 1, "content_type": 9, "object_id": "1", "object_repr": "Jaskaran Singh", "action_flag": 2, "change_message": "[]"}}, {"model": "admin.logentry", "pk": 141, "fields": {"action_time": "2023-07-21T06:11:31.571", "user": 1, "content_type": 9, "object_id": "1", "object_repr": "Jaskaran Singh", "action_flag": 2, "change_message": "[{\"changed\": {\"fields\": [\"Course\"]}}]"}}, {"model": "admin.logentry", "pk": 142, "fields": {"action_time": "2023-07-21T06:45:10.915", "user": 1, "content_type": 9, "object_id": "2", "object_repr": "Harjot Singh", "action_flag": 2, "change_message": "[{\"changed\": {\"fields\": [\"Email\"]}}]"}}, {"model": "admin.logentry", "pk": 143, "fields": {"action_time": "2023-07-21T06:45:20.337", "user": 1, "content_type": 4, "object_id": "3", "object_repr": "Harjot", "action_flag": 2, "change_message": "[{\"changed\": {\"fields\": [\"Email address\"]}}]"}}, {"model": "admin.logentry", "pk": 144, "fields": {"action_time": "2023-07-21T06:48:20.765", "user": 1, "content_type": 9, "object_id": "3", "object_repr": "Adeel", "action_flag": 2, "change_message": "[{\"changed\": {\"fields\": [\"Email\"]}}]"}}, {"model": "admin.logentry", "pk": 145, "fields": {"action_time": "2023-07-21T06:48:44.146", "user": 1, "content_type": 9, "object_id": "5", "object_repr": "yajan", "action_flag": 2, "change_message": "[{\"changed\": {\"fields\": [\"Email\"]}}]"}}, {"model": "admin.logentry", "pk": 146, "fields": {"action_time": "2023-07-21T06:49:22.812", "user": 1, "content_type": 9, "object_id": "7", "object_repr": "Dhairya", "action_flag": 2, "change_message": "[{\"changed\": {\"fields\": [\"Email\"]}}]"}}, {"model": "admin.logentry", "pk": 147, "fields": {"action_time": "2023-07-21T06:49:58.975", "user": 1, "content_type": 9, "object_id": "4", "object_repr": "Shubham", "action_flag": 2, "change_message": "[{\"changed\": {\"fields\": [\"Email\"]}}]"}}, {"model": "admin.logentry", "pk": 148, "fields": {"action_time": "2023-07-21T06:50:26.097", "user": 1, "content_type": 9, "object_id": "6", "object_repr": "Ishmeet", "action_flag": 2, "change_message": "[{\"changed\": {\"fields\": [\"Email\"]}}]"}}, {"model": "admin.logentry", "pk": 149, "fields": {"action_time": "2023-07-22T05:57:42.599", "user": 1, "content_type": 12, "object_id": "4", "object_repr": "Lab 4", "action_flag": 2, "change_message": "[]"}}, {"model": "admin.logentry", "pk": 150, "fields": {"action_time": "2023-07-22T05:57:53.545", "user": 1, "content_type": 12, "object_id": "3", "object_repr": "Lab 3", "action_flag": 2, "change_message": "[{\"changed\": {\"fields\": [\"Deadline\"]}}]"}}, {"model": "admin.logentry", "pk": 151, "fields": {"action_time": "2023-07-22T05:57:59.787", "user": 1, "content_type": 12, "object_id": "5", "object_repr": "Lab 5", "action_flag": 2, "change_message": "[]"}}, {"model": "admin.logentry", "pk": 152, "fields": {"action_time": "2023-07-22T05:58:05.009", "user": 1, "content_type": 12, "object_id": "2", "object_repr": "Lab 2", "action_flag": 2, "change_message": "[{\"changed\": {\"fields\": [\"Deadline\"]}}]"}}, {"model": "auth.permission", "pk": 1, "fields": {"name": "Can add log entry", "content_type": 1, "codename": "add_logentry"}}, {"model": "auth.permission", "pk": 2, "fields": {"name": "Can change log entry", "content_type": 1, "codename": "change_logentry"}}, {"model": "auth.permission", "pk": 3, "fields": {"name": "Can delete log entry", "content_type": 1, "codename": "delete_logentry"}}, {"model": "auth.permission", "pk": 4, "fields": {"name": "Can view log entry", "content_type": 1, "codename": "view_logentry"}}, {"model": "auth.permission", "pk": 5, "fields": {"name": "Can add permission", "content_type": 2, "codename": "add_permission"}}, {"model": "auth.permission", "pk": 6, "fields": {"name": "Can change permission", "content_type": 2, "codename": "change_permission"}}, {"model": "auth.permission", "pk": 7, "fields": {"name": "Can delete permission", "content_type": 2, "codename": "delete_permission"}}, {"model": "auth.permission", "pk": 8, "fields": {"name": "Can view permission", "content_type": 2, "codename": "view_permission"}}, {"model": "auth.permission", "pk": 9, "fields": {"name": "Can add group", "content_type": 3, "codename": "add_group"}}, {"model": "auth.permission", "pk": 10, "fields": {"name": "Can change group", "content_type": 3, "codename": "change_group"}}, {"model": "auth.permission", "pk": 11, "fields": {"name": "Can delete group", "content_type": 3, "codename": "delete_group"}}, {"model": "auth.permission", "pk": 12, "fields": {"name": "Can view group", "content_type": 3, "codename": "view_group"}}, {"model": "auth.permission", "pk": 13, "fields": {"name": "Can add user", "content_type": 4, "codename": "add_user"}}, {"model": "auth.permission", "pk": 14, "fields": {"name": "Can change user", "content_type": 4, "codename": "change_user"}}, {"model": "auth.permission", "pk": 15, "fields": {"name": "Can delete user", "content_type": 4, "codename": "delete_user"}}, {"model": "auth.permission", "pk": 16, "fields": {"name": "Can view user", "content_type": 4, "codename": "view_user"}}, {"model": "auth.permission", "pk": 17, "fields": {"name": "Can add content type", "content_type": 5, "codename": "add_contenttype"}}, {"model": "auth.permission", "pk": 18, "fields": {"name": "Can change content type", "content_type": 5, "codename": "change_contenttype"}}, {"model": "auth.permission", "pk": 19, "fields": {"name": "Can delete content type", "content_type": 5, "codename": "delete_contenttype"}}, {"model": "auth.permission", "pk": 20, "fields": {"name": "Can view content type", "content_type": 5, "codename": "view_contenttype"}}, {"model": "auth.permission", "pk": 21, "fields": {"name": "Can add session", "content_type": 6, "codename": "add_session"}}, {"model": "auth.permission", "pk": 22, "fields": {"name": "Can change session", "content_type": 6, "codename": "change_session"}}, {"model": "auth.permission", "pk": 23, "fields": {"name": "Can delete session", "content_type": 6, "codename": "delete_session"}}, {"model": "auth.permission", "pk": 24, "fields": {"name": "Can view session", "content_type": 6, "codename": "view_session"}}, {"model": "auth.permission", "pk": 25, "fields": {"name": "Can add course", "content_type": 7, "codename": "add_course"}}, {"model": "auth.permission", "pk": 26, "fields": {"name": "Can change course", "content_type": 7, "codename": "change_course"}}, {"model": "auth.permission", "pk": 27, "fields": {"name": "Can delete course", "content_type": 7, "codename": "delete_course"}}, {"model": "auth.permission", "pk": 28, "fields": {"name": "Can view course", "content_type": 7, "codename": "view_course"}}, {"model": "auth.permission", "pk": 29, "fields": {"name": "Can add department", "content_type": 8, "codename": "add_department"}}, {"model": "auth.permission", "pk": 30, "fields": {"name": "Can change department", "content_type": 8, "codename": "change_department"}}, {"model": "auth.permission", "pk": 31, "fields": {"name": "Can delete department", "content_type": 8, "codename": "delete_department"}}, {"model": "auth.permission", "pk": 32, "fields": {"name": "Can view department", "content_type": 8, "codename": "view_department"}}, {"model": "auth.permission", "pk": 33, "fields": {"name": "Can add student", "content_type": 9, "codename": "add_student"}}, {"model": "auth.permission", "pk": 34, "fields": {"name": "Can change student", "content_type": 9, "codename": "change_student"}}, {"model": "auth.permission", "pk": 35, "fields": {"name": "Can delete student", "content_type": 9, "codename": "delete_student"}}, {"model": "auth.permission", "pk": 36, "fields": {"name": "Can view student", "content_type": 9, "codename": "view_student"}}, {"model": "auth.permission", "pk": 37, "fields": {"name": "Can add material", "content_type": 10, "codename": "add_material"}}, {"model": "auth.permission", "pk": 38, "fields": {"name": "Can change material", "content_type": 10, "codename": "change_material"}}, {"model": "auth.permission", "pk": 39, "fields": {"name": "Can delete material", "content_type": 10, "codename": "delete_material"}}, {"model": "auth.permission", "pk": 40, "fields": {"name": "Can view material", "content_type": 10, "codename": "view_material"}}, {"model": "auth.permission", "pk": 41, "fields": {"name": "Can add faculty", "content_type": 11, "codename": "add_faculty"}}, {"model": "auth.permission", "pk": 42, "fields": {"name": "Can change faculty", "content_type": 11, "codename": "change_faculty"}}, {"model": "auth.permission", "pk": 43, "fields": {"name": "Can delete faculty", "content_type": 11, "codename": "delete_faculty"}}, {"model": "auth.permission", "pk": 44, "fields": {"name": "Can view faculty", "content_type": 11, "codename": "view_faculty"}}, {"model": "auth.permission", "pk": 45, "fields": {"name": "Can add assignment", "content_type": 12, "codename": "add_assignment"}}, {"model": "auth.permission", "pk": 46, "fields": {"name": "Can change assignment", "content_type": 12, "codename": "change_assignment"}}, {"model": "auth.permission", "pk": 47, "fields": {"name": "Can delete assignment", "content_type": 12, "codename": "delete_assignment"}}, {"model": "auth.permission", "pk": 48, "fields": {"name": "Can view assignment", "content_type": 12, "codename": "view_assignment"}}, {"model": "auth.permission", "pk": 49, "fields": {"name": "Can add announcement", "content_type": 13, "codename": "add_announcement"}}, {"model": "auth.permission", "pk": 50, "fields": {"name": "Can change announcement", "content_type": 13, "codename": "change_announcement"}}, {"model": "auth.permission", "pk": 51, "fields": {"name": "Can delete announcement", "content_type": 13, "codename": "delete_announcement"}}, {"model": "auth.permission", "pk": 52, "fields": {"name": "Can view announcement", "content_type": 13, "codename": "view_announcement"}}, {"model": "auth.permission", "pk": 53, "fields": {"name": "Can add submission", "content_type": 14, "codename": "add_submission"}}, {"model": "auth.permission", "pk": 54, "fields": {"name": "Can change submission", "content_type": 14, "codename": "change_submission"}}, {"model": "auth.permission", "pk": 55, "fields": {"name": "Can delete submission", "content_type": 14, "codename": "delete_submission"}}, {"model": "auth.permission", "pk": 56, "fields": {"name": "Can view submission", "content_type": 14, "codename": "view_submission"}}, {"model": "auth.permission", "pk": 57, "fields": {"name": "Can add student discussion", "content_type": 15, "codename": "add_studentdiscussion"}}, {"model": "auth.permission", "pk": 58, "fields": {"name": "Can change student discussion", "content_type": 15, "codename": "change_studentdiscussion"}}, {"model": "auth.permission", "pk": 59, "fields": {"name": "Can delete student discussion", "content_type": 15, "codename": "delete_studentdiscussion"}}, {"model": "auth.permission", "pk": 60, "fields": {"name": "Can view student discussion", "content_type": 15, "codename": "view_studentdiscussion"}}, {"model": "auth.permission", "pk": 61, "fields": {"name": "Can add faculty discussion", "content_type": 16, "codename": "add_facultydiscussion"}}, {"model": "auth.permission", "pk": 62, "fields": {"name": "Can change faculty discussion", "content_type": 16, "codename": "change_facultydiscussion"}}, {"model": "auth.permission", "pk": 63, "fields": {"name": "Can delete faculty discussion", "content_type": 16, "codename": "delete_facultydiscussion"}}, {"model": "auth.permission", "pk": 64, "fields": {"name": "Can view faculty discussion", "content_type": 16, "codename": "view_facultydiscussion"}}, {"model": "auth.permission", "pk": 65, "fields": {"name": "Can add attendance", "content_type": 17, "codename": "add_attendance"}}, {"model": "auth.permission", "pk": 66, "fields": {"name": "Can change attendance", "content_type": 17, "codename": "change_attendance"}}, {"model": "auth.permission", "pk": 67, "fields": {"name": "Can delete attendance", "content_type": 17, "codename": "delete_attendance"}}, {"model": "auth.permission", "pk": 68, "fields": {"name": "Can view attendance", "content_type": 17, "codename": "view_attendance"}}, {"model": "auth.permission", "pk": 69, "fields": {"name": "Can add quiz", "content_type": 18, "codename": "add_quiz"}}, {"model": "auth.permission", "pk": 70, "fields": {"name": "Can change quiz", "content_type": 18, "codename": "change_quiz"}}, {"model": "auth.permission", "pk": 71, "fields": {"name": "Can delete quiz", "content_type": 18, "codename": "delete_quiz"}}, {"model": "auth.permission", "pk": 72, "fields": {"name": "Can view quiz", "content_type": 18, "codename": "view_quiz"}}, {"model": "auth.permission", "pk": 73, "fields": {"name": "Can add question", "content_type": 19, "codename": "add_question"}}, {"model": "auth.permission", "pk": 74, "fields": {"name": "Can change question", "content_type": 19, "codename": "change_question"}}, {"model": "auth.permission", "pk": 75, "fields": {"name": "Can delete question", "content_type": 19, "codename": "delete_question"}}, {"model": "auth.permission", "pk": 76, "fields": {"name": "Can view question", "content_type": 19, "codename": "view_question"}}, {"model": "auth.permission", "pk": 77, "fields": {"name": "Can add student answer", "content_type": 20, "codename": "add_studentanswer"}}, {"model": "auth.permission", "pk": 78, "fields": {"name": "Can change student answer", "content_type": 20, "codename": "change_studentanswer"}}, {"model": "auth.permission", "pk": 79, "fields": {"name": "Can delete student answer", "content_type": 20, "codename": "delete_studentanswer"}}, {"model": "auth.permission", "pk": 80, "fields": {"name": "Can view student answer", "content_type": 20, "codename": "view_studentanswer"}}, {"model": "auth.permission", "pk": 81, "fields": {"name": "Can add payment", "content_type": 21, "codename": "add_payment"}}, {"model": "auth.permission", "pk": 82, "fields": {"name": "Can change payment", "content_type": 21, "codename": "change_payment"}}, {"model": "auth.permission", "pk": 83, "fields": {"name": "Can delete payment", "content_type": 21, "codename": "delete_payment"}}, {"model": "auth.permission", "pk": 84, "fields": {"name": "Can view payment", "content_type": 21, "codename": "view_payment"}}, {"model": "auth.permission", "pk": 85, "fields": {"name": "Can add membership", "content_type": 22, "codename": "add_membership"}}, {"model": "auth.permission", "pk": 86, "fields": {"name": "Can change membership", "content_type": 22, "codename": "change_membership"}}, {"model": "auth.permission", "pk": 87, "fields": {"name": "Can delete membership", "content_type": 22, "codename": "delete_membership"}}, {"model": "auth.permission", "pk": 88, "fields": {"name": "Can view membership", "content_type": 22, "codename": "view_membership"}}, {"model": "auth.permission", "pk": 89, "fields": {"name": "Can add user", "content_type": 23, "codename": "add_user"}}, {"model": "auth.permission", "pk": 90, "fields": {"name": "Can change user", "content_type": 23, "codename": "change_user"}}, {"model": "auth.permission", "pk": 91, "fields": {"name": "Can delete user", "content_type": 23, "codename": "delete_user"}}, {"model": "auth.permission", "pk": 92, "fields": {"name": "Can view user", "content_type": 23, "codename": "view_user"}}, {"model": "auth.user", "pk": 1, "fields": {"password": "pbkdf2_sha256$320000$qkCmP4Gdp6jA29FHITXPG8$EhCy43fVHSIRDt0YZvciL9Whc4qfwbOSC4NvRhUzueo=", "last_login": "2023-07-23T06:45:59.694", "is_superuser": true, "username": "admin", "first_name": "", "last_name": "", "email": "jksingh.js7@gmail.com", "is_staff": true, "is_active": true, "date_joined": "2023-07-11T04:28:43.878", "groups": [], "user_permissions": []}}, {"model": "auth.user", "pk": 2, "fields": {"password": "pbkdf2_sha256$320000$GlsomZqQ3SkPVUiNGNkGIA$SEflZqznjqLuTuO06ZqnvuK9N0rjK9mRu8Y7oTGa+Nk=", "last_login": "2023-07-11T04:41:27", "is_superuser": true, "username": "Jaskaran", "first_name": "Jaskaran Singh", "last_name": "Luthra", "email": "luthraj@uwindsor.ca", "is_staff": true, "is_active": true, "date_joined": "2023-07-11T04:39:39", "groups": [], "user_permissions": [1, 2, 3, 4, 65, 66, 67, 68, 9, 10, 11, 12, 5, 6, 7, 8, 13, 14, 15, 16, 17, 18, 19, 20, 61, 62, 63, 64, 57, 58, 59, 60, 49, 50, 51, 52, 45, 46, 47, 48, 25, 26, 27, 28, 29, 30, 31, 32, 41, 42, 43, 44, 37, 38, 39, 40, 33, 34, 35, 36, 53, 54, 55, 56, 73, 74, 75, 76, 69, 70, 71, 72, 77, 78, 79, 80, 21, 22, 23, 24]}}, {"model": "auth.user", "pk": 3, "fields": {"password": "pbkdf2_sha256$320000$Sv3XP0jCn86ELG0pqAMshs$UQOdcksl+S4SpRp256K44U23T50fLX5us2DipppIUa8=", "last_login": "2023-07-11T04:51:43", "is_superuser": true, "username": "Harjot", "first_name": "Harjot", "last_name": "Singh", "email": "saggu3@uwindsor.ca", "is_staff": true, "is_active": true, "date_joined": "2023-07-11T04:50:58", "groups": [], "user_permissions": [1, 2, 3, 4, 65, 66, 67, 68, 9, 10, 11, 12, 5, 6, 7, 8, 13, 14, 15, 16, 17, 18, 19, 20, 61, 62, 63, 64, 57, 58, 59, 60, 49, 50, 51, 52, 45, 46, 47, 48, 25, 26, 27, 28, 29, 30, 31, 32, 41, 42, 43, 44, 37, 38, 39, 40, 33, 34, 35, 36, 53, 54, 55, 56, 73, 74, 75, 76, 69, 70, 71, 72, 77, 78, 79, 80, 21, 22, 23, 24]}}, {"model": "contenttypes.contenttype", "pk": 1, "fields": {"app_label": "admin", "model": "logentry"}}, {"model": "contenttypes.contenttype", "pk": 2, "fields": {"app_label": "auth", "model": "permission"}}, {"model": "contenttypes.contenttype", "pk": 3, "fields": {"app_label": "auth", "model": "group"}}, {"model": "contenttypes.contenttype", "pk": 4, "fields": {"app_label": "auth", "model": "user"}}, {"model": "contenttypes.contenttype", "pk": 5, "fields": {"app_label": "contenttypes", "model": "contenttype"}}, {"model": "contenttypes.contenttype", "pk": 6, "fields": {"app_label": "sessions", "model": "session"}}, {"model": "contenttypes.contenttype", "pk": 7, "fields": {"app_label": "main", "model": "course"}}, {"model": "contenttypes.contenttype", "pk": 8, "fields": {"app_label": "main", "model": "department"}}, {"model": "contenttypes.contenttype", "pk": 9, "fields": {"app_label": "main", "model": "student"}}, {"model": "contenttypes.contenttype", "pk": 10, "fields": {"app_label": "main", "model": "material"}}, {"model": "contenttypes.contenttype", "pk": 11, "fields": {"app_label": "main", "model": "faculty"}}, {"model": "contenttypes.contenttype", "pk": 12, "fields": {"app_label": "main", "model": "assignment"}}, {"model": "contenttypes.contenttype", "pk": 13, "fields": {"app_label": "main", "model": "announcement"}}, {"model": "contenttypes.contenttype", "pk": 14, "fields": {"app_label": "main", "model": "submission"}}, {"model": "contenttypes.contenttype", "pk": 15, "fields": {"app_label": "discussion", "model": "studentdiscussion"}}, {"model": "contenttypes.contenttype", "pk": 16, "fields": {"app_label": "discussion", "model": "facultydiscussion"}}, {"model": "contenttypes.contenttype", "pk": 17, "fields": {"app_label": "attendance", "model": "attendance"}}, {"model": "contenttypes.contenttype", "pk": 18, "fields": {"app_label": "quiz", "model": "quiz"}}, {"model": "contenttypes.contenttype", "pk": 19, "fields": {"app_label": "quiz", "model": "question"}}, {"model": "contenttypes.contenttype", "pk": 20, "fields": {"app_label": "quiz", "model": "studentanswer"}}, {"model": "contenttypes.contenttype", "pk": 21, "fields": {"app_label": "main", "model": "payment"}}, {"model": "contenttypes.contenttype", "pk": 22, "fields": {"app_label": "main", "model": "membership"}}, {"model": "contenttypes.contenttype", "pk": 23, "fields": {"app_label": "main", "model": "user"}}, {"model": "main.student", "pk": 1, "fields": {"name": "Jaskaran Singh", "email": "luthraj@uwindsor.ca", "password": "jassi", "membership": "g", "role": "Student", "photo": "profile_pics/Image_Background_Removed.png", "department": 1, "course": [1, 2, 3, 4, 5, 9]}}, {"model": "main.student", "pk": 2, "fields": {"name": "Harjot Singh", "email": "saggu3@uwindsor.ca", "password": "harjot", "membership": "g", "role": "Student", "photo": "profile_pics/default_student.png", "department": 1, "course": [1, 2, 4, 5, 7]}}, {"model": "main.student", "pk": 3, "fields": {"name": "Adeel", "email": "ahmed7s@uwindsor.ca", "password": "adel", "membership": "g", "role": "Student", "photo": "profile_pics/default_student.png", "department": 2, "course": [1, 2, 8]}}, {"model": "main.student", "pk": 4, "fields": {"name": "Shubham", "email": "gupta2d@uwindsor.ca", "password": "shubham", "membership": "b", "role": "Student", "photo": "profile_pics/default_student.png", "department": 1, "course": []}}, {"model": "main.student", "pk": 5, "fields": {"name": "yajan", "email": "sharma2w@uwindsor.ca", "password": "yajan", "membership": "g", "role": "Student", "photo": "profile_pics/default_student.png", "department": 1, "course": [1, 3, 7]}}, {"model": "main.student", "pk": 6, "fields": {"name": "Ishmeet", "email": "singh5a2@uwindsor.ca", "password": "ishmeet", "membership": "b", "role": "Student", "photo": "profile_pics/default_student.png", "department": 1, "course": [3]}}, {"model": "main.student", "pk": 7, "fields": {"name": "Dhairya", "email": "bhatt19@uwindsor.ca", "password": "dhairya", "membership": "b", "role": "Student", "photo": "profile_pics/default_student.png", "department": 1, "course": [3]}}, {"model": "main.student", "pk": 9, "fields": {"name": "Rahul", "email": "rahul@uwindsor.ca", "password": "rahul", "membership": "s", "role": "Student", "photo": "profile_pics/default_student.png", "department": 2, "course": [2, 8]}}, {"model": "main.student", "pk": 13, "fields": {"name": "Smith", "email": "smith@uwindsor.ca", "password": "smith", "membership": "b", "role": "Student", "photo": "profile_pics/default_student.png", "department": 1, "course": []}}, {"model": "main.faculty", "pk": 1, "fields": {"name": "Adeel Ahmed", "email": "adel@gmail.com", "password": "adel", "department": 1, "role": "Faculty", "photo": "profile_pics/default_faculty.png"}}, {"model": "main.faculty", "pk": 2, "fields": {"name": "Aznam", "email": "aznam@uwindsor.ca", "password": "aznam", "department": 1, "role": "Faculty", "photo": "profile_pics/default_faculty.png"}}, {"model": "main.faculty", "pk": 3, "fields": {"name": "Madhi", "email": "madhi@uwindsor.ca", "password": "madhi", "department": 2, "role": "Faculty", "photo": "profile_pics/default_faculty.png"}}, {"model": "main.faculty", "pk": 4, "fields": {"name": "Dan Wu", "email": "danwu@uwindsor.ca", "password": "dan", "department": 1, "role": "Faculty", "photo": "profile_pics/default_faculty.png"}}, {"model": "main.department", "pk": 1, "fields": {"name": "Computer Science", "description": "MAC, MSc, BSc, Tech"}}, {"model": "main.department", "pk": 2, "fields": {"name": "Business", "description": "Boom, MCom, MBA"}}, {"model": "main.department", "pk": 3, "fields": {"name": "Social Sciences", "description": "Sociology"}}, {"model": "main.department", "pk": 4, "fields": {"name": "Electrical", "description": ""}}, {"model": "main.course", "pk": 1, "fields": {"name": "Internet Applications", "price": 100, "description": "Python and Django - Dynamic Websites", "membership_level": "g", "department": 1, "faculty": 1, "studentKey": 2, "facultyKey": 1}}, {"model": "main.course", "pk": 2, "fields": {"name": "Software Engineering", "price": 100, "description": "Basic Concepts of Software Engineering, SDLC, Design Patterns, Testing etc.", "membership_level": "s", "department": 1, "faculty": 2, "studentKey": 1, "facultyKey": 2}}, {"model": "main.course", "pk": 3, "fields": {"name": "Managing Employee", "price": 90, "description": "Course Description", "membership_level": "b", "department": 2, "faculty": 3, "studentKey": 3, "facultyKey": 3}}, {"model": "main.course", "pk": 4, "fields": {"name": "Introduction to AI", "price": 120, "description": "Basic AI, ML Concepts", "membership_level": "g", "department": 1, "faculty": 4, "studentKey": 4, "facultyKey": 4}}, {"model": "main.course", "pk": 5, "fields": {"name": "Advanced Topics in AI", "price": 120, "description": "Advanced Topics of ML, DL, AI", "membership_level": "g", "department": 1, "faculty": 4, "studentKey": 5, "facultyKey": 5}}, {"model": "main.course", "pk": 6, "fields": {"name": "Networks and Security", "price": 100, "description": "Networking, security using Python, Wireshark, Virtual Machine", "membership_level": "s", "department": 1, "faculty": 1, "studentKey": 6, "facultyKey": 6}}, {"model": "main.course", "pk": 7, "fields": {"name": "Marketing", "price": 100, "description": "Basic concepts of Marketing", "membership_level": "b", "department": 2, "faculty": 3, "studentKey": 7, "facultyKey": 7}}, {"model": "main.course", "pk": 8, "fields": {"name": "Internship Project", "price": 100, "description": "Project Development using SDLC", "membership_level": "s", "department": 1, "faculty": 3, "studentKey": 8, "facultyKey": 8}}, {"model": "main.course", "pk": 9, "fields": {"name": "System Programming", "price": 100, "description": "Linux, Bash", "membership_level": "g", "department": 1, "faculty": 2, "studentKey": 9, "facultyKey": 9}}, {"model": "main.course", "pk": 10, "fields": {"name": "Advanced Databases", "price": 100, "description": "Databases, MongoDB, Hadoop, SQL", "membership_level": "s", "department": 1, "faculty": 2, "studentKey": 10, "facultyKey": 10}}, {"model": "main.course", "pk": 11, "fields": {"name": "Advanced Computing Concepts", "price": 120, "description": "Data Structures and Algorithms, Computations", "membership_level": "s", "department": 1, "faculty": 3, "studentKey": 11, "facultyKey": 11}}, {"model": "main.course", "pk": 12, "fields": {"name": "Emerging Paradigms", "price": 100, "description": "New Technologies research and development", "membership_level": "b", "department": 1, "faculty": 2, "studentKey": 12, "facultyKey": 12}}, {"model": "main.course", "pk": 13, "fields": {"name": "Social Network Analysis", "price": 100, "description": "Social sites analysis", "membership_level": "g", "department": 3, "faculty": 1, "studentKey": 13, "facultyKey": 13}}, {"model": "main.payment", "pk": 1, "fields": {"course": 1, "amount": "100.00", "description": "ds", "timestamp": "2023-07-13T22:28:15.387"}}, {"model": "main.payment", "pk": 2, "fields": {"course": 2, "amount": "100.00", "description": "w", "timestamp": "2023-07-13T23:01:33.630"}}, {"model": "main.payment", "pk": 33, "fields": {"course": 2, "amount": "100.00", "description": "Basic Concepts of Software Engineering, SDLC, Design Patterns, Testing etc.", "timestamp": "2023-07-14T03:21:18.290"}}, {"model": "main.payment", "pk": 34, "fields": {"course": 2, "amount": "100.00", "description": "Basic Concepts of Software Engineering, SDLC, Design Patterns, Testing etc.", "timestamp": "2023-07-14T03:21:22.142"}}, {"model": "main.payment", "pk": 35, "fields": {"course": 2, "amount": "100.00", "description": "Basic Concepts of Software Engineering, SDLC, Design Patterns, Testing etc.", "timestamp": "2023-07-14T03:21:23.764"}}, {"model": "main.payment", "pk": 36, "fields": {"course": 2, "amount": "100.00", "description": "Basic Concepts of Software Engineering, SDLC, Design Patterns, Testing etc.", "timestamp": "2023-07-14T03:22:14.877"}}, {"model": "main.payment", "pk": 37, "fields": {"course": 2, "amount": "100.00", "description": "Basic Concepts of Software Engineering, SDLC, Design Patterns, Testing etc.", "timestamp": "2023-07-14T03:22:22.070"}}, {"model": "main.payment", "pk": 38, "fields": {"course": 2, "amount": "100.00", "description": "Basic Concepts of Software Engineering, SDLC, Design Patterns, Testing etc.", "timestamp": "2023-07-14T03:22:37.836"}}, {"model": "main.payment", "pk": 39, "fields": {"course": 2, "amount": "100.00", "description": "Basic Concepts of Software Engineering, SDLC, Design Patterns, Testing etc.", "timestamp": "2023-07-14T03:22:47.738"}}, {"model": "main.payment", "pk": 40, "fields": {"course": 2, "amount": "100.00", "description": "Basic Concepts of Software Engineering, SDLC, Design Patterns, Testing etc.", "timestamp": "2023-07-14T03:23:12.793"}}, {"model": "main.payment", "pk": 41, "fields": {"course": 2, "amount": "100.00", "description": "Basic Concepts of Software Engineering, SDLC, Design Patterns, Testing etc.", "timestamp": "2023-07-14T03:24:22.094"}}, {"model": "main.payment", "pk": 42, "fields": {"course": 2, "amount": "100.00", "description": "Basic Concepts of Software Engineering, SDLC, Design Patterns, Testing etc.", "timestamp": "2023-07-14T03:25:14.387"}}, {"model": "main.payment", "pk": 43, "fields": {"course": 2, "amount": "100.00", "description": "Basic Concepts of Software Engineering, SDLC, Design Patterns, Testing etc.", "timestamp": "2023-07-14T03:31:18.105"}}, {"model": "main.payment", "pk": 44, "fields": {"course": 2, "amount": "100.00", "description": "Basic Concepts of Software Engineering, SDLC, Design Patterns, Testing etc.", "timestamp": "2023-07-14T03:31:23.818"}}, {"model": "main.payment", "pk": 45, "fields": {"course": 2, "amount": "100.00", "description": "Basic Concepts of Software Engineering, SDLC, Design Patterns, Testing etc.", "timestamp": "2023-07-14T03:31:56.725"}}, {"model": "main.payment", "pk": 46, "fields": {"course": 2, "amount": "100.00", "description": "Basic Concepts of Software Engineering, SDLC, Design Patterns, Testing etc.", "timestamp": "2023-07-14T03:35:03.030"}}, {"model": "main.payment", "pk": 47, "fields": {"course": 2, "amount": "100.00", "description": "Basic Concepts of Software Engineering, SDLC, Design Patterns, Testing etc.", "timestamp": "2023-07-14T03:44:17.101"}}, {"model": "main.payment", "pk": 48, "fields": {"course": 2, "amount": "100.00", "description": "Basic Concepts of Software Engineering, SDLC, Design Patterns, Testing etc.", "timestamp": "2023-07-14T03:46:29.093"}}, {"model": "main.payment", "pk": 49, "fields": {"course": 2, "amount": "100.00", "description": "Basic Concepts of Software Engineering, SDLC, Design Patterns, Testing etc.", "timestamp": "2023-07-14T03:50:11.097"}}, {"model": "main.payment", "pk": 50, "fields": {"course": 2, "amount": "100.00", "description": "Basic Concepts of Software Engineering, SDLC, Design Patterns, Testing etc.", "timestamp": "2023-07-14T03:50:46.841"}}, {"model": "main.payment", "pk": 51, "fields": {"course": 2, "amount": "100.00", "description": "Basic Concepts of Software Engineering, SDLC, Design Patterns, Testing etc.", "timestamp": "2023-07-14T03:51:24.191"}}, {"model": "main.payment", "pk": 52, "fields": {"course": 2, "amount": "100.00", "description": "Basic Concepts of Software Engineering, SDLC, Design Patterns, Testing etc.", "timestamp": "2023-07-14T03:51:54.543"}}, {"model": "main.payment", "pk": 53, "fields": {"course": 2, "amount": "100.00", "description": "Basic Concepts of Software Engineering, SDLC, Design Patterns, Testing etc.", "timestamp": "2023-07-14T03:54:17.386"}}, {"model": "main.payment", "pk": 54, "fields": {"course": 2, "amount": "100.00", "description": "Basic Concepts of Software Engineering, SDLC, Design Patterns, Testing etc.", "timestamp": "2023-07-14T04:01:31.673"}}, {"model": "main.payment", "pk": 55, "fields": {"course": 2, "amount": "100.00", "description": "Basic Concepts of Software Engineering, SDLC, Design Patterns, Testing etc.", "timestamp": "2023-07-14T04:02:52.592"}}, {"model": "main.payment", "pk": 56, "fields": {"course": 2, "amount": "100.00", "description": "Basic Concepts of Software Engineering, SDLC, Design Patterns, Testing etc.", "timestamp": "2023-07-14T04:03:26.565"}}, {"model": "main.payment", "pk": 57, "fields": {"course": 2, "amount": "100.00", "description": "Basic Concepts of Software Engineering, SDLC, Design Patterns, Testing etc.", "timestamp": "2023-07-14T04:03:49.095"}}, {"model": "main.payment", "pk": 58, "fields": {"course": 2, "amount": "100.00", "description": "Basic Concepts of Software Engineering, SDLC, Design Patterns, Testing etc.", "timestamp": "2023-07-14T04:04:13.917"}}, {"model": "main.payment", "pk": 59, "fields": {"course": 2, "amount": "100.00", "description": "Basic Concepts of Software Engineering, SDLC, Design Patterns, Testing etc.", "timestamp": "2023-07-14T04:04:36.501"}}, {"model": "main.payment", "pk": 60, "fields": {"course": 2, "amount": "100.00", "description": "Basic Concepts of Software Engineering, SDLC, Design Patterns, Testing etc.", "timestamp": "2023-07-14T04:05:38.894"}}, {"model": "main.payment", "pk": 61, "fields": {"course": 2, "amount": "100.00", "description": "Basic Concepts of Software Engineering, SDLC, Design Patterns, Testing etc.", "timestamp": "2023-07-14T04:05:47.877"}}, {"model": "main.payment", "pk": 62, "fields": {"course": 2, "amount": "100.00", "description": "Basic Concepts of Software Engineering, SDLC, Design Patterns, Testing etc.", "timestamp": "2023-07-14T04:05:51.942"}}, {"model": "main.payment", "pk": 63, "fields": {"course": 2, "amount": "100.00", "description": "Basic Concepts of Software Engineering, SDLC, Design Patterns, Testing etc.", "timestamp": "2023-07-14T04:08:56.929"}}, {"model": "main.payment", "pk": 64, "fields": {"course": 2, "amount": "100.00", "description": "Basic Concepts of Software Engineering, SDLC, Design Patterns, Testing etc.", "timestamp": "2023-07-14T04:13:05.167"}}, {"model": "main.payment", "pk": 65, "fields": {"course": 2, "amount": "100.00", "description": "Basic Concepts of Software Engineering, SDLC, Design Patterns, Testing etc.", "timestamp": "2023-07-14T04:15:16.879"}}, {"model": "main.payment", "pk": 66, "fields": {"course": 2, "amount": "100.00", "description": "Basic Concepts of Software Engineering, SDLC, Design Patterns, Testing etc.", "timestamp": "2023-07-14T04:19:36.239"}}, {"model": "main.payment", "pk": 67, "fields": {"course": 2, "amount": "100.00", "description": "Basic Concepts of Software Engineering, SDLC, Design Patterns, Testing etc.", "timestamp": "2023-07-14T04:26:31.772"}}, {"model": "main.payment", "pk": 68, "fields": {"course": 2, "amount": "100.00", "description": "Basic Concepts of Software Engineering, SDLC, Design Patterns, Testing etc.", "timestamp": "2023-07-14T04:26:33.639"}}, {"model": "main.payment", "pk": 69, "fields": {"course": 2, "amount": "100.00", "description": "Basic Concepts of Software Engineering, SDLC, Design Patterns, Testing etc.", "timestamp": "2023-07-14T04:26:38.045"}}, {"model": "main.payment", "pk": 70, "fields": {"course": 2, "amount": "100.00", "description": "Basic Concepts of Software Engineering, SDLC, Design Patterns, Testing etc.", "timestamp": "2023-07-14T04:33:11.986"}}, {"model": "main.payment", "pk": 71, "fields": {"course": 2, "amount": "100.00", "description": "Basic Concepts of Software Engineering, SDLC, Design Patterns, Testing etc.", "timestamp": "2023-07-14T04:39:16.317"}}, {"model": "main.payment", "pk": 72, "fields": {"course": 2, "amount": "100.00", "description": "Basic Concepts of Software Engineering, SDLC, Design Patterns, Testing etc.", "timestamp": "2023-07-14T04:41:32.797"}}, {"model": "main.payment", "pk": 73, "fields": {"course": 2, "amount": "100.00", "description": "Basic Concepts of Software Engineering, SDLC, Design Patterns, Testing etc.", "timestamp": "2023-07-14T04:44:10.554"}}, {"model": "main.payment", "pk": 74, "fields": {"course": 2, "amount": "100.00", "description": "Basic Concepts of Software Engineering, SDLC, Design Patterns, Testing etc.", "timestamp": "2023-07-14T04:45:01.633"}}, {"model": "main.payment", "pk": 75, "fields": {"course": 1, "amount": "100.00", "description": "Python and Django - Dynamic Websites", "timestamp": "2023-07-14T04:55:57.637"}}, {"model": "main.payment", "pk": 76, "fields": {"course": 1, "amount": "100.00", "description": "Python and Django - Dynamic Websites", "timestamp": "2023-07-14T04:56:33.390"}}, {"model": "main.payment", "pk": 77, "fields": {"course": 1, "amount": "100.00", "description": "Python and Django - Dynamic Websites", "timestamp": "2023-07-14T05:00:20.386"}}, {"model": "main.payment", "pk": 78, "fields": {"course": 1, "amount": "100.00", "description": "Python and Django - Dynamic Websites", "timestamp": "2023-07-14T05:00:24.728"}}, {"model": "main.payment", "pk": 79, "fields": {"course": 2, "amount": "100.00", "description": "Basic Concepts of Software Engineering, SDLC, Design Patterns, Testing etc.", "timestamp": "2023-07-14T05:02:45.325"}}, {"model": "main.payment", "pk": 80, "fields": {"course": 1, "amount": "100.00", "description": "Python and Django - Dynamic Websites", "timestamp": "2023-07-14T05:02:51.986"}}, {"model": "main.payment", "pk": 81, "fields": {"course": 2, "amount": "100.00", "description": "Basic Concepts of Software Engineering, SDLC, Design Patterns, Testing etc.", "timestamp": "2023-07-14T05:23:20.661"}}, {"model": "main.payment", "pk": 82, "fields": {"course": 1, "amount": "100.00", "description": "Python and Django - Dynamic Websites", "timestamp": "2023-07-14T05:48:15.148"}}, {"model": "main.payment", "pk": 83, "fields": {"course": 1, "amount": "100.00", "description": "Python and Django - Dynamic Websites", "timestamp": "2023-07-14T05:48:45.471"}}, {"model": "main.payment", "pk": 84, "fields": {"course": 2, "amount": "100.00", "description": "Basic Concepts of Software Engineering, SDLC, Design Patterns, Testing etc.", "timestamp": "2023-07-14T06:49:03.399"}}, {"model": "main.payment", "pk": 85, "fields": {"course": 2, "amount": "100.00", "description": "Basic Concepts of Software Engineering, SDLC, Design Patterns, Testing etc.", "timestamp": "2023-07-14T06:51:49.788"}}, {"model": "main.payment", "pk": 86, "fields": {"course": 2, "amount": "100.00", "description": "Basic Concepts of Software Engineering, SDLC, Design Patterns, Testing etc.", "timestamp": "2023-07-14T06:51:57.315"}}, {"model": "main.payment", "pk": 87, "fields": {"course": 2, "amount": "100.00", "description": "Basic Concepts of Software Engineering, SDLC, Design Patterns, Testing etc.", "timestamp": "2023-07-14T06:52:31.478"}}, {"model": "main.payment", "pk": 88, "fields": {"course": 2, "amount": "100.00", "description": "Basic Concepts of Software Engineering, SDLC, Design Patterns, Testing etc.", "timestamp": "2023-07-14T07:03:17.670"}}, {"model": "main.payment", "pk": 89, "fields": {"course": 2, "amount": "100.00", "description": "Basic Concepts of Software Engineering, SDLC, Design Patterns, Testing etc.", "timestamp": "2023-07-14T07:05:56.880"}}, {"model": "main.payment", "pk": 90, "fields": {"course": 1, "amount": "100.00", "description": "Python and Django - Dynamic Websites", "timestamp": "2023-07-14T07:15:13.440"}}, {"model": "main.payment", "pk": 91, "fields": {"course": 2, "amount": "100.00", "description": "Basic Concepts of Software Engineering, SDLC, Design Patterns, Testing etc.", "timestamp": "2023-07-14T07:26:40.681"}}, {"model": "main.payment", "pk": 92, "fields": {"course": 2, "amount": "100.00", "description": "Basic Concepts of Software Engineering, SDLC, Design Patterns, Testing etc.", "timestamp": "2023-07-14T07:58:29.309"}}, {"model": "main.payment", "pk": 93, "fields": {"course": 2, "amount": "100.00", "description": "Basic Concepts of Software Engineering, SDLC, Design Patterns, Testing etc.", "timestamp": "2023-07-14T07:59:40.521"}}, {"model": "main.payment", "pk": 94, "fields": {"course": 2, "amount": "100.00", "description": "Basic Concepts of Software Engineering, SDLC, Design Patterns, Testing etc.", "timestamp": "2023-07-14T08:00:51.199"}}, {"model": "main.payment", "pk": 95, "fields": {"course": 2, "amount": "100.00", "description": "Basic Concepts of Software Engineering, SDLC, Design Patterns, Testing etc.", "timestamp": "2023-07-14T08:03:57.544"}}, {"model": "main.payment", "pk": 96, "fields": {"course": 2, "amount": "100.00", "description": "Basic Concepts of Software Engineering, SDLC, Design Patterns, Testing etc.", "timestamp": "2023-07-14T08:06:51.647"}}, {"model": "main.payment", "pk": 97, "fields": {"course": 2, "amount": "100.00", "description": "Basic Concepts of Software Engineering, SDLC, Design Patterns, Testing etc.", "timestamp": "2023-07-14T08:09:17.658"}}, {"model": "main.payment", "pk": 98, "fields": {"course": 2, "amount": "100.00", "description": "Basic Concepts of Software Engineering, SDLC, Design Patterns, Testing etc.", "timestamp": "2023-07-14T08:15:11.050"}}, {"model": "main.payment", "pk": 99, "fields": {"course": 2, "amount": "100.00", "description": "Basic Concepts of Software Engineering, SDLC, Design Patterns, Testing etc.", "timestamp": "2023-07-14T08:15:29.542"}}, {"model": "main.payment", "pk": 100, "fields": {"course": 2, "amount": "100.00", "description": "Basic Concepts of Software Engineering, SDLC, Design Patterns, Testing etc.", "timestamp": "2023-07-14T08:16:20.914"}}, {"model": "main.payment", "pk": 101, "fields": {"course": 1, "amount": "100.00", "description": "Python and Django - Dynamic Websites", "timestamp": "2023-07-14T08:19:48.852"}}, {"model": "main.payment", "pk": 102, "fields": {"course": 2, "amount": "100.00", "description": "Basic Concepts of Software Engineering, SDLC, Design Patterns, Testing etc.", "timestamp": "2023-07-14T08:19:51.992"}}, {"model": "main.payment", "pk": 103, "fields": {"course": 2, "amount": "100.00", "description": "Basic Concepts of Software Engineering, SDLC, Design Patterns, Testing etc.", "timestamp": "2023-07-14T08:20:57.389"}}, {"model": "main.payment", "pk": 104, "fields": {"course": 2, "amount": "100.00", "description": "Basic Concepts of Software Engineering, SDLC, Design Patterns, Testing etc.", "timestamp": "2023-07-14T08:21:10.267"}}, {"model": "main.payment", "pk": 105, "fields": {"course": 2, "amount": "100.00", "description": "Basic Concepts of Software Engineering, SDLC, Design Patterns, Testing etc.", "timestamp": "2023-07-14T08:21:37.765"}}, {"model": "main.payment", "pk": 106, "fields": {"course": 1, "amount": "100.00", "description": "Python and Django - Dynamic Websites", "timestamp": "2023-07-14T08:22:05.794"}}, {"model": "main.payment", "pk": 107, "fields": {"course": 2, "amount": "100.00", "description": "Basic Concepts of Software Engineering, SDLC, Design Patterns, Testing etc.", "timestamp": "2023-07-14T08:25:50.712"}}, {"model": "main.payment", "pk": 108, "fields": {"course": 2, "amount": "100.00", "description": "Basic Concepts of Software Engineering, SDLC, Design Patterns, Testing etc.", "timestamp": "2023-07-14T08:27:05.899"}}, {"model": "main.payment", "pk": 109, "fields": {"course": 2, "amount": "100.00", "description": "Basic Concepts of Software Engineering, SDLC, Design Patterns, Testing etc.", "timestamp": "2023-07-18T08:08:30.595"}}, {"model": "main.payment", "pk": 110, "fields": {"course": 1, "amount": "100.00", "description": "Python and Django - Dynamic Websites", "timestamp": "2023-07-18T08:08:38.098"}}, {"model": "main.payment", "pk": 111, "fields": {"course": 3, "amount": "90.00", "description": "Course Description", "timestamp": "2023-07-18T12:53:02.631"}}, {"model": "main.payment", "pk": 112, "fields": {"course": 3, "amount": "90.00", "description": "Course Description", "timestamp": "2023-07-18T14:21:40.398"}}, {"model": "main.payment", "pk": 113, "fields": {"course": 7, "amount": "100.00", "description": "Basic concepts of Marketing", "timestamp": "2023-07-19T06:47:48.893"}}, {"model": "main.payment", "pk": 114, "fields": {"course": 3, "amount": "90.00", "description": "Course Description", "timestamp": "2023-07-19T07:46:00.514"}}, {"model": "main.payment", "pk": 115, "fields": {"course": 3, "amount": "90.00", "description": "Course Description", "timestamp": "2023-07-19T07:46:08.302"}}, {"model": "main.payment", "pk": 116, "fields": {"course": 3, "amount": "90.00", "description": "Course Description", "timestamp": "2023-07-19T07:48:02.046"}}, {"model": "main.payment", "pk": 117, "fields": {"course": 3, "amount": "90.00", "description": "Course Description", "timestamp": "2023-07-19T07:48:08.312"}}, {"model": "main.payment", "pk": 118, "fields": {"course": 4, "amount": "120.00", "description": "Basic AI, ML Concepts", "timestamp": "2023-07-19T07:48:21.008"}}, {"model": "main.payment", "pk": 119, "fields": {"course": 2, "amount": "100.00", "description": "Basic Concepts of Software Engineering, SDLC, Design Patterns, Testing etc.", "timestamp": "2023-07-20T08:04:55.833"}}, {"model": "main.payment", "pk": 120, "fields": {"course": 7, "amount": "100.00", "description": "Basic concepts of Marketing", "timestamp": "2023-07-20T08:08:22.020"}}, {"model": "main.payment", "pk": 121, "fields": {"course": 2, "amount": "100.00", "description": "Basic Concepts of Software Engineering, SDLC, Design Patterns, Testing etc.", "timestamp": "2023-07-20T08:18:54.201"}}, {"model": "main.payment", "pk": 122, "fields": {"course": 3, "amount": "90.00", "description": "Course Description", "timestamp": "2023-07-20T08:27:17.672"}}, {"model": "main.payment", "pk": 123, "fields": {"course": 3, "amount": "90.00", "description": "Course Description", "timestamp": "2023-07-20T08:49:58.049"}}, {"model": "main.payment", "pk": 124, "fields": {"course": 8, "amount": "100.00", "description": "Project Development using SDLC", "timestamp": "2023-07-20T08:51:29.524"}}, {"model": "main.payment", "pk": 125, "fields": {"course": 7, "amount": "100.00", "description": "Basic concepts of Marketing", "timestamp": "2023-07-20T08:52:12.005"}}, {"model": "main.payment", "pk": 126, "fields": {"course": 3, "amount": "90.00", "description": "Course Description", "timestamp": "2023-07-20T08:52:34.559"}}, {"model": "main.payment", "pk": 127, "fields": {"course": 2, "amount": "100.00", "description": "Basic Concepts of Software Engineering, SDLC, Design Patterns, Testing etc.", "timestamp": "2023-07-20T08:54:44.375"}}, {"model": "main.payment", "pk": 128, "fields": {"course": 7, "amount": "100.00", "description": "Basic concepts of Marketing", "timestamp": "2023-07-20T08:55:16.369"}}, {"model": "main.payment", "pk": 129, "fields": {"course": 3, "amount": "90.00", "description": "Course Description", "timestamp": "2023-07-20T08:55:56.642"}}, {"model": "main.payment", "pk": 130, "fields": {"course": 7, "amount": "100.00", "description": "Basic concepts of Marketing", "timestamp": "2023-07-20T08:58:48.195"}}, {"model": "main.payment", "pk": 131, "fields": {"course": 7, "amount": "100.00", "description": "Basic concepts of Marketing", "timestamp": "2023-07-20T08:59:50.453"}}, {"model": "main.payment", "pk": 132, "fields": {"course": 3, "amount": "90.00", "description": "Course Description", "timestamp": "2023-07-21T05:06:52.375"}}, {"model": "main.payment", "pk": 133, "fields": {"course": 7, "amount": "100.00", "description": "Basic concepts of Marketing", "timestamp": "2023-07-21T05:07:16.120"}}, {"model": "main.payment", "pk": 134, "fields": {"course": 3, "amount": "90.00", "description": "Course Description", "timestamp": "2023-07-21T05:09:50.963"}}, {"model": "main.payment", "pk": 135, "fields": {"course": 3, "amount": "90.00", "description": "Course Description", "timestamp": "2023-07-21T05:10:35.722"}}, {"model": "main.payment", "pk": 136, "fields": {"course": 2, "amount": "100.00", "description": "Basic Concepts of Software Engineering, SDLC, Design Patterns, Testing etc.", "timestamp": "2023-07-21T05:15:14.543"}}, {"model": "main.payment", "pk": 137, "fields": {"course": 2, "amount": "100.00", "description": "Basic Concepts of Software Engineering, SDLC, Design Patterns, Testing etc.", "timestamp": "2023-07-21T05:39:34.115"}}, {"model": "main.payment", "pk": 138, "fields": {"course": 7, "amount": "100.00", "description": "Basic concepts of Marketing", "timestamp": "2023-07-21T05:40:09.013"}}, {"model": "main.payment", "pk": 139, "fields": {"course": 3, "amount": "90.00", "description": "Course Description", "timestamp": "2023-07-21T05:44:13.706"}}, {"model": "main.payment", "pk": 140, "fields": {"course": 7, "amount": "100.00", "description": "Basic concepts of Marketing", "timestamp": "2023-07-21T05:47:33.108"}}, {"model": "main.payment", "pk": 141, "fields": {"course": 1, "amount": "100.00", "description": "Python and Django - Dynamic Websites", "timestamp": "2023-07-21T05:48:01.177"}}, {"model": "main.payment", "pk": 142, "fields": {"course": 1, "amount": "100.00", "description": "Python and Django - Dynamic Websites", "timestamp": "2023-07-21T06:09:29.030"}}, {"model": "main.payment", "pk": 143, "fields": {"course": 9, "amount": "100.00", "description": "Linux, Bash", "timestamp": "2023-07-21T06:19:25.547"}}, {"model": "main.payment", "pk": 144, "fields": {"course": 3, "amount": "90.00", "description": "Course Description", "timestamp": "2023-07-21T06:31:19.382"}}, {"model": "main.payment", "pk": 145, "fields": {"course": 4, "amount": "120.00", "description": "Basic AI, ML Concepts", "timestamp": "2023-07-21T06:37:27.701"}}, {"model": "main.payment", "pk": 146, "fields": {"course": 2, "amount": "100.00", "description": "Basic Concepts of Software Engineering, SDLC, Design Patterns, Testing etc.", "timestamp": "2023-07-21T06:42:01.257"}}, {"model": "main.payment", "pk": 147, "fields": {"course": 4, "amount": "120.00", "description": "Basic AI, ML Concepts", "timestamp": "2023-07-21T06:45:33.208"}}, {"model": "main.payment", "pk": 148, "fields": {"course": 11, "amount": "120.00", "description": "Data Structures and Algorithms, Computations", "timestamp": "2023-07-21T07:05:07.409"}}, {"model": "main.payment", "pk": 149, "fields": {"course": 3, "amount": "90.00", "description": "Course Description", "timestamp": "2023-07-21T07:30:37.201"}}, {"model": "main.payment", "pk": 150, "fields": {"course": 3, "amount": "90.00", "description": "Course Description", "timestamp": "2023-07-21T07:32:44.965"}}, {"model": "main.payment", "pk": 151, "fields": {"course": 10, "amount": "100.00", "description": "Databases, MongoDB, Hadoop, SQL", "timestamp": "2023-07-21T07:32:52.066"}}, {"model": "main.payment", "pk": 152, "fields": {"course": 11, "amount": "120.00", "description": "Data Structures and Algorithms, Computations", "timestamp": "2023-07-21T07:32:57.810"}}, {"model": "main.payment", "pk": 153, "fields": {"course": 7, "amount": "100.00", "description": "Basic concepts of Marketing", "timestamp": "2023-07-21T08:59:28.490"}}, {"model": "main.payment", "pk": 154, "fields": {"course": 5, "amount": "120.00", "description": "Advanced Topics of ML, DL, AI", "timestamp": "2023-07-21T09:51:28.071"}}, {"model": "main.payment", "pk": 155, "fields": {"course": 5, "amount": "120.00", "description": "Advanced Topics of ML, DL, AI", "timestamp": "2023-07-21T12:52:10.895"}}, {"model": "main.payment", "pk": 156, "fields": {"course": 7, "amount": "100.00", "description": "Basic concepts of Marketing", "timestamp": "2023-07-21T14:07:41.617"}}, {"model": "main.payment", "pk": 157, "fields": {"course": 1, "amount": "100.00", "description": "Python and Django - Dynamic Websites", "timestamp": "2023-07-21T14:22:38.214"}}, {"model": "main.payment", "pk": 158, "fields": {"course": 1, "amount": "100.00", "description": "Python and Django - Dynamic Websites", "timestamp": "2023-07-21T14:24:25.647"}}, {"model": "main.payment", "pk": 159, "fields": {"course": 5, "amount": "120.00", "description": "Advanced Topics of ML, DL, AI", "timestamp": "2023-07-22T05:22:10.684"}}, {"model": "main.payment", "pk": 160, "fields": {"course": 6, "amount": "100.00", "description": "Networking, security using Python, Wireshark, Virtual Machine", "timestamp": "2023-07-22T09:02:01.567"}}, {"model": "main.payment", "pk": 161, "fields": {"course": 5, "amount": "120.00", "description": "Advanced Topics of ML, DL, AI", "timestamp": "2023-07-22T09:07:01.826"}}, {"model": "main.payment", "pk": 162, "fields": {"course": 6, "amount": "100.00", "description": "Networking, security using Python, Wireshark, Virtual Machine", "timestamp": "2023-07-23T03:33:35.209"}}, {"model": "main.announcement", "pk": 1, "fields": {"course_code": 1, "datetime": "2023-07-11T05:13:54.856", "description": "<p>Assignment 1 released - Basic Python Concepts</p>"}}, {"model": "main.announcement", "pk": 2, "fields": {"course_code": 1, "datetime": "2023-07-21T13:12:05.310", "description": "<p>Lecture 2 uploaded</p>"}}, {"model": "main.assignment", "pk": 1, "fields": {"course_code": 1, "title": "Lab 1", "description": "Lab 1 - Basic Python", "datetime": "2023-07-11T05:11:56.396", "deadline": "2023-07-24T00:00:00", "file": "assignments/Lab1.pdf", "marks": "0.10"}}, {"model": "main.assignment", "pk": 2, "fields": {"course_code": 1, "title": "Lab 2", "description": "<p>Lab 2</p>", "datetime": "2023-07-21T13:16:08.366", "deadline": "2023-07-31T03:16:00", "file": "assignments/Lab2.pdf", "marks": "2.00"}}, {"model": "main.assignment", "pk": 3, "fields": {"course_code": 1, "title": "Lab 3", "description": "<p>Lab 3</p>", "datetime": "2023-07-21T13:16:35.221", "deadline": "2023-07-31T03:16:00", "file": "assignments/Lab_3_-_IntrotoDjango_-_summer2023_.pdf", "marks": "2.00"}}, {"model": "main.assignment", "pk": 4, "fields": {"course_code": 1, "title": "Lab 4", "description": "<p>Lab 4</p>", "datetime": "2023-07-21T13:48:02.884", "deadline": "2023-08-24T03:47:00", "file": "assignments/Lab_3_-_IntrotoDjango_-_summer2023__F7wXtr4.pdf", "marks": "3.00"}}, {"model": "main.assignment", "pk": 5, "fields": {"course_code": 1, "title": "Lab 5", "description": "<p>Lab 5</p>", "datetime": "2023-07-21T13:48:41.168", "deadline": "2023-08-25T03:48:00", "file": "assignments/Lab2_yiRwCzJ.pdf", "marks": "5.00"}}, {"model": "main.assignment", "pk": 6, "fields": {"course_code": 1, "title": "Assignment 1", "description": "<p id=\"isPasted\" style='border: 0px solid rgb(217, 217, 227); margin-right: 0px; margin-bottom: 1.25em; margin-left: 0px; caret-color: rgb(209, 213, 219); color: rgb(209, 213, 219); font-family: Shne, ui-sans-serif, system-ui, -apple-system, \"Segoe UI\", Roboto, Ubuntu, Cantarell, \"Noto Sans\", sans-serif, \"Helvetica Neue\", Arial, \"Apple Color Emoji\", \"Segoe UI Emoji\", \"Segoe UI Symbol\", \"Noto Color Emoji\"; white-space: pre-wrap;'><span style='font-family: \"Times New Roman\", Times, serif, -webkit-standard; color: rgb(0, 0, 0); font-size: 18px;'>&nbsp;</span></p><p id=\"isPasted\" style='border: 0px solid rgb(217, 217, 227); margin-right: 0px; margin-bottom: 1.25em; margin-left: 0px; caret-color: rgb(209, 213, 219); color: rgb(209, 213, 219); font-family: Shne, ui-sans-serif, system-ui, -apple-system, \"Segoe UI\", Roboto, Ubuntu, Cantarell, \"Noto Sans\", sans-serif, \"Helvetica Neue\", Arial, \"Apple Color Emoji\", \"Segoe UI Emoji\", \"Segoe UI Symbol\", \"Noto Color Emoji\"; white-space: pre-wrap;'><span style='font-family: \"Times New Roman\", Times, serif, -webkit-standard; color: rgb(0, 0, 0); font-size: 18px;'>&nbsp;Create a Django project for a car rental application named &quot;CarApp.&quot; The application should allow users to view and rent cars available in the inventory. Design the necessary models, views, and URLs to implement this functionality.</span></p><p style='border: 0px solid rgb(217, 217, 227); margin: 1.25em 0px; caret-color: rgb(209, 213, 219); color: rgb(209, 213, 219); font-family: Shne, ui-sans-serif, system-ui, -apple-system, \"Segoe UI\", Roboto, Ubuntu, Cantarell, \"Noto Sans\", sans-serif, \"Helvetica Neue\", Arial, \"Apple Color Emoji\", \"Segoe UI Emoji\", \"Segoe UI Symbol\", \"Noto Color Emoji\"; white-space: pre-wrap;'><span style='font-family: \"Times New Roman\", Times, serif, -webkit-standard; color: rgb(0, 0, 0); font-size: 18px;'>Requirements:</span></p><ol style='border: 0px solid rgb(217, 217, 227); list-style: none; margin: 1.25em 0px; padding: 0px; counter-reset: list-number 0; display: flex; flex-direction: column; caret-color: rgb(209, 213, 219); color: rgb(209, 213, 219); font-family: Shne, ui-sans-serif, system-ui, -apple-system, \"Segoe UI\", Roboto, Ubuntu, Cantarell, \"Noto Sans\", sans-serif, \"Helvetica Neue\", Arial, \"Apple Color Emoji\", \"Segoe UI Emoji\", \"Segoe UI Symbol\", \"Noto Color Emoji\"; white-space: pre-wrap;'><li style='border: 0px solid rgb(217, 217, 227); --tw-border-spacing-x: 0; --tw-border-spacing-y: 0; --tw-translate-x: 0; --tw-translate-y: 0; --tw-rotate: 0; --tw-skew-x: 0; --tw-skew-y: 0; --tw-scale-x: 1; --tw-scale-y: 1; --tw-pan-x: ; --tw-pan-y: ; --tw-pinch-zoom: ; --tw-scroll-snap-strictness: proximity; --tw-gradient-from-position: ; --tw-gradient-via-position: ; --tw-gradient-to-position: ; --tw-ordinal: ; --tw-slashed-zero: ; --tw-numeric-figure: ; --tw-numeric-spacing: ; --tw-numeric-fraction: ; --tw-ring-inset: ; --tw-ring-offset-width: 0px; --tw-ring-offset-color: #fff; --tw-ring-color: rgba(69,89,164,0.5); --tw-ring-offset-shadow: 0 0 transparent; --tw-ring-shadow: 0 0 transparent; --tw-shadow: 0 0 transparent; --tw-shadow-colored: 0 0 transparent; --tw-blur: ; --tw-brightness: ; --tw-contrast: ; --tw-grayscale: ; --tw-hue-rotate: ; --tw-invert: ; --tw-saturate: ; --tw-sepia: ; --tw-drop-shadow: ; --tw-backdrop-blur: ; --tw-backdrop-brightness: ; --tw-backdrop-contrast: ; --tw-backdrop-grayscale: ; --tw-backdrop-hue-rotate: ; --tw-backdrop-invert: ; --tw-backdrop-opacity: ; --tw-backdrop-saturate: ; --tw-backdrop-sepia: ; margin-bottom: 0px; margin-top: 0px; padding-left: 0.375em; counter-increment: list-number 1; display: block; min-height: 28px; font-family: \"Times New Roman\", Times, serif, -webkit-standard; color: rgb(0, 0, 0); font-size: 18px;'><p style=\"border: 0px solid rgb(217, 217, 227); --tw-border-spacing-x: 0; --tw-border-spacing-y: 0; --tw-translate-x: 0; --tw-translate-y: 0; --tw-rotate: 0; --tw-skew-x: 0; --tw-skew-y: 0; --tw-scale-x: 1; --tw-scale-y: 1; --tw-pan-x: ; --tw-pan-y: ; --tw-pinch-zoom: ; --tw-scroll-snap-strictness: proximity; --tw-gradient-from-position: ; --tw-gradient-via-position: ; --tw-gradient-to-position: ; --tw-ordinal: ; --tw-slashed-zero: ; --tw-numeric-figure: ; --tw-numeric-spacing: ; --tw-numeric-fraction: ; --tw-ring-inset: ; --tw-ring-offset-width: 0px; --tw-ring-offset-color: #fff; --tw-ring-color: rgba(69,89,164,0.5); --tw-ring-offset-shadow: 0 0 transparent; --tw-ring-shadow: 0 0 transparent; --tw-shadow: 0 0 transparent; --tw-shadow-colored: 0 0 transparent; --tw-blur: ; --tw-brightness: ; --tw-contrast: ; --tw-grayscale: ; --tw-hue-rotate: ; --tw-invert: ; --tw-saturate: ; --tw-sepia: ; --tw-drop-shadow: ; --tw-backdrop-blur: ; --tw-backdrop-brightness: ; --tw-backdrop-contrast: ; --tw-backdrop-grayscale: ; --tw-backdrop-hue-rotate: ; --tw-backdrop-invert: ; --tw-backdrop-opacity: ; --tw-backdrop-saturate: ; --tw-backdrop-sepia: ; margin-right: 0px; margin-bottom: 0px; margin-left: 0px;\">Create a Django project named &quot;CarAppProject.&quot;</p></li><li style='border: 0px solid rgb(217, 217, 227); --tw-border-spacing-x: 0; --tw-border-spacing-y: 0; --tw-translate-x: 0; --tw-translate-y: 0; --tw-rotate: 0; --tw-skew-x: 0; --tw-skew-y: 0; --tw-scale-x: 1; --tw-scale-y: 1; --tw-pan-x: ; --tw-pan-y: ; --tw-pinch-zoom: ; --tw-scroll-snap-strictness: proximity; --tw-gradient-from-position: ; --tw-gradient-via-position: ; --tw-gradient-to-position: ; --tw-ordinal: ; --tw-slashed-zero: ; --tw-numeric-figure: ; --tw-numeric-spacing: ; --tw-numeric-fraction: ; --tw-ring-inset: ; --tw-ring-offset-width: 0px; --tw-ring-offset-color: #fff; --tw-ring-color: rgba(69,89,164,0.5); --tw-ring-offset-shadow: 0 0 transparent; --tw-ring-shadow: 0 0 transparent; --tw-shadow: 0 0 transparent; --tw-shadow-colored: 0 0 transparent; --tw-blur: ; --tw-brightness: ; --tw-contrast: ; --tw-grayscale: ; --tw-hue-rotate: ; --tw-invert: ; --tw-saturate: ; --tw-sepia: ; --tw-drop-shadow: ; --tw-backdrop-blur: ; --tw-backdrop-brightness: ; --tw-backdrop-contrast: ; --tw-backdrop-grayscale: ; --tw-backdrop-hue-rotate: ; --tw-backdrop-invert: ; --tw-backdrop-opacity: ; --tw-backdrop-saturate: ; --tw-backdrop-sepia: ; margin-bottom: 0px; margin-top: 0px; padding-left: 0.375em; counter-increment: list-number 1; display: block; min-height: 28px; font-family: \"Times New Roman\", Times, serif, -webkit-standard; color: rgb(0, 0, 0); font-size: 18px;'><p style=\"border: 0px solid rgb(217, 217, 227); --tw-border-spacing-x: 0; --tw-border-spacing-y: 0; --tw-translate-x: 0; --tw-translate-y: 0; --tw-rotate: 0; --tw-skew-x: 0; --tw-skew-y: 0; --tw-scale-x: 1; --tw-scale-y: 1; --tw-pan-x: ; --tw-pan-y: ; --tw-pinch-zoom: ; --tw-scroll-snap-strictness: proximity; --tw-gradient-from-position: ; --tw-gradient-via-position: ; --tw-gradient-to-position: ; --tw-ordinal: ; --tw-slashed-zero: ; --tw-numeric-figure: ; --tw-numeric-spacing: ; --tw-numeric-fraction: ; --tw-ring-inset: ; --tw-ring-offset-width: 0px; --tw-ring-offset-color: #fff; --tw-ring-color: rgba(69,89,164,0.5); --tw-ring-offset-shadow: 0 0 transparent; --tw-ring-shadow: 0 0 transparent; --tw-shadow: 0 0 transparent; --tw-shadow-colored: 0 0 transparent; --tw-blur: ; --tw-brightness: ; --tw-contrast: ; --tw-grayscale: ; --tw-hue-rotate: ; --tw-invert: ; --tw-saturate: ; --tw-sepia: ; --tw-drop-shadow: ; --tw-backdrop-blur: ; --tw-backdrop-brightness: ; --tw-backdrop-contrast: ; --tw-backdrop-grayscale: ; --tw-backdrop-hue-rotate: ; --tw-backdrop-invert: ; --tw-backdrop-opacity: ; --tw-backdrop-saturate: ; --tw-backdrop-sepia: ; margin-right: 0px; margin-bottom: 0px; margin-left: 0px;\">Inside the project, create an app named &quot;carrental.&quot;</p></li><li style='border: 0px solid rgb(217, 217, 227); --tw-border-spacing-x: 0; --tw-border-spacing-y: 0; --tw-translate-x: 0; --tw-translate-y: 0; --tw-rotate: 0; --tw-skew-x: 0; --tw-skew-y: 0; --tw-scale-x: 1; --tw-scale-y: 1; --tw-pan-x: ; --tw-pan-y: ; --tw-pinch-zoom: ; --tw-scroll-snap-strictness: proximity; --tw-gradient-from-position: ; --tw-gradient-via-position: ; --tw-gradient-to-position: ; --tw-ordinal: ; --tw-slashed-zero: ; --tw-numeric-figure: ; --tw-numeric-spacing: ; --tw-numeric-fraction: ; --tw-ring-inset: ; --tw-ring-offset-width: 0px; --tw-ring-offset-color: #fff; --tw-ring-color: rgba(69,89,164,0.5); --tw-ring-offset-shadow: 0 0 transparent; --tw-ring-shadow: 0 0 transparent; --tw-shadow: 0 0 transparent; --tw-shadow-colored: 0 0 transparent; --tw-blur: ; --tw-brightness: ; --tw-contrast: ; --tw-grayscale: ; --tw-hue-rotate: ; --tw-invert: ; --tw-saturate: ; --tw-sepia: ; --tw-drop-shadow: ; --tw-backdrop-blur: ; --tw-backdrop-brightness: ; --tw-backdrop-contrast: ; --tw-backdrop-grayscale: ; --tw-backdrop-hue-rotate: ; --tw-backdrop-invert: ; --tw-backdrop-opacity: ; --tw-backdrop-saturate: ; --tw-backdrop-sepia: ; margin-bottom: 0px; margin-top: 0px; padding-left: 0.375em; counter-increment: list-number 1; display: block; min-height: 28px; font-family: \"Times New Roman\", Times, serif, -webkit-standard; color: rgb(0, 0, 0); font-size: 18px;'><p style=\"border: 0px solid rgb(217, 217, 227); --tw-border-spacing-x: 0; --tw-border-spacing-y: 0; --tw-translate-x: 0; --tw-translate-y: 0; --tw-rotate: 0; --tw-skew-x: 0; --tw-skew-y: 0; --tw-scale-x: 1; --tw-scale-y: 1; --tw-pan-x: ; --tw-pan-y: ; --tw-pinch-zoom: ; --tw-scroll-snap-strictness: proximity; --tw-gradient-from-position: ; --tw-gradient-via-position: ; --tw-gradient-to-position: ; --tw-ordinal: ; --tw-slashed-zero: ; --tw-numeric-figure: ; --tw-numeric-spacing: ; --tw-numeric-fraction: ; --tw-ring-inset: ; --tw-ring-offset-width: 0px; --tw-ring-offset-color: #fff; --tw-ring-color: rgba(69,89,164,0.5); --tw-ring-offset-shadow: 0 0 transparent; --tw-ring-shadow: 0 0 transparent; --tw-shadow: 0 0 transparent; --tw-shadow-colored: 0 0 transparent; --tw-blur: ; --tw-brightness: ; --tw-contrast: ; --tw-grayscale: ; --tw-hue-rotate: ; --tw-invert: ; --tw-saturate: ; --tw-sepia: ; --tw-drop-shadow: ; --tw-backdrop-blur: ; --tw-backdrop-brightness: ; --tw-backdrop-contrast: ; --tw-backdrop-grayscale: ; --tw-backdrop-hue-rotate: ; --tw-backdrop-invert: ; --tw-backdrop-opacity: ; --tw-backdrop-saturate: ; --tw-backdrop-sepia: ; margin-right: 0px; margin-bottom: 0px; margin-left: 0px;\">Define a model named &quot;Car&quot; to represent car details with the following fields:</p><ul style=\"border: 0px solid rgb(217, 217, 227); --tw-border-spacing-x: 0; --tw-border-spacing-y: 0; --tw-translate-x: 0; --tw-translate-y: 0; --tw-rotate: 0; --tw-skew-x: 0; --tw-skew-y: 0; --tw-scale-x: 1; --tw-scale-y: 1; --tw-pan-x: ; --tw-pan-y: ; --tw-pinch-zoom: ; --tw-scroll-snap-strictness: proximity; --tw-gradient-from-position: ; --tw-gradient-via-position: ; --tw-gradient-to-position: ; --tw-ordinal: ; --tw-slashed-zero: ; --tw-numeric-figure: ; --tw-numeric-spacing: ; --tw-numeric-fraction: ; --tw-ring-inset: ; --tw-ring-offset-width: 0px; --tw-ring-offset-color: #fff; --tw-ring-color: rgba(69,89,164,0.5); --tw-ring-offset-shadow: 0 0 transparent; --tw-ring-shadow: 0 0 transparent; --tw-shadow: 0 0 transparent; --tw-shadow-colored: 0 0 transparent; --tw-blur: ; --tw-brightness: ; --tw-contrast: ; --tw-grayscale: ; --tw-hue-rotate: ; --tw-invert: ; --tw-saturate: ; --tw-sepia: ; --tw-drop-shadow: ; --tw-backdrop-blur: ; --tw-backdrop-brightness: ; --tw-backdrop-contrast: ; --tw-backdrop-grayscale: ; --tw-backdrop-hue-rotate: ; --tw-backdrop-invert: ; --tw-backdrop-opacity: ; --tw-backdrop-saturate: ; --tw-backdrop-sepia: ; list-style: outside; margin-right: 0px; margin-left: 1rem; padding: 0px; display: flex; flex-direction: column; font-weight: initial; font-family: initial; color: initial; font-size: initial;\"><li style='border: 0px solid rgb(217, 217, 227); --tw-border-spacing-x: 0; --tw-border-spacing-y: 0; --tw-translate-x: 0; --tw-translate-y: 0; --tw-rotate: 0; --tw-skew-x: 0; --tw-skew-y: 0; --tw-scale-x: 1; --tw-scale-y: 1; --tw-pan-x: ; --tw-pan-y: ; --tw-pinch-zoom: ; --tw-scroll-snap-strictness: proximity; --tw-gradient-from-position: ; --tw-gradient-via-position: ; --tw-gradient-to-position: ; --tw-ordinal: ; --tw-slashed-zero: ; --tw-numeric-figure: ; --tw-numeric-spacing: ; --tw-numeric-fraction: ; --tw-ring-inset: ; --tw-ring-offset-width: 0px; --tw-ring-offset-color: #fff; --tw-ring-color: rgba(69,89,164,0.5); --tw-ring-offset-shadow: 0 0 transparent; --tw-ring-shadow: 0 0 transparent; --tw-shadow: 0 0 transparent; --tw-shadow-colored: 0 0 transparent; --tw-blur: ; --tw-brightness: ; --tw-contrast: ; --tw-grayscale: ; --tw-hue-rotate: ; --tw-invert: ; --tw-saturate: ; --tw-sepia: ; --tw-drop-shadow: ; --tw-backdrop-blur: ; --tw-backdrop-brightness: ; --tw-backdrop-contrast: ; --tw-backdrop-grayscale: ; --tw-backdrop-hue-rotate: ; --tw-backdrop-invert: ; --tw-backdrop-opacity: ; --tw-backdrop-saturate: ; --tw-backdrop-sepia: ; margin: 0px; padding-left: 0.375em; display: block; min-height: 28px; font-family: \"Times New Roman\", Times, serif, -webkit-standard; color: rgb(0, 0, 0); font-size: 18px;'>Make (CharField)</li><li style='border: 0px solid rgb(217, 217, 227); --tw-border-spacing-x: 0; --tw-border-spacing-y: 0; --tw-translate-x: 0; --tw-translate-y: 0; --tw-rotate: 0; --tw-skew-x: 0; --tw-skew-y: 0; --tw-scale-x: 1; --tw-scale-y: 1; --tw-pan-x: ; --tw-pan-y: ; --tw-pinch-zoom: ; --tw-scroll-snap-strictness: proximity; --tw-gradient-from-position: ; --tw-gradient-via-position: ; --tw-gradient-to-position: ; --tw-ordinal: ; --tw-slashed-zero: ; --tw-numeric-figure: ; --tw-numeric-spacing: ; --tw-numeric-fraction: ; --tw-ring-inset: ; --tw-ring-offset-width: 0px; --tw-ring-offset-color: #fff; --tw-ring-color: rgba(69,89,164,0.5); --tw-ring-offset-shadow: 0 0 transparent; --tw-ring-shadow: 0 0 transparent; --tw-shadow: 0 0 transparent; --tw-shadow-colored: 0 0 transparent; --tw-blur: ; --tw-brightness: ; --tw-contrast: ; --tw-grayscale: ; --tw-hue-rotate: ; --tw-invert: ; --tw-saturate: ; --tw-sepia: ; --tw-drop-shadow: ; --tw-backdrop-blur: ; --tw-backdrop-brightness: ; --tw-backdrop-contrast: ; --tw-backdrop-grayscale: ; --tw-backdrop-hue-rotate: ; --tw-backdrop-invert: ; --tw-backdrop-opacity: ; --tw-backdrop-saturate: ; --tw-backdrop-sepia: ; margin: 0px; padding-left: 0.375em; display: block; min-height: 28px; font-family: \"Times New Roman\", Times, serif, -webkit-standard; color: rgb(0, 0, 0); font-size: 18px;'>Model (CharField)</li><li style='border: 0px solid rgb(217, 217, 227); --tw-border-spacing-x: 0; --tw-border-spacing-y: 0; --tw-translate-x: 0; --tw-translate-y: 0; --tw-rotate: 0; --tw-skew-x: 0; --tw-skew-y: 0; --tw-scale-x: 1; --tw-scale-y: 1; --tw-pan-x: ; --tw-pan-y: ; --tw-pinch-zoom: ; --tw-scroll-snap-strictness: proximity; --tw-gradient-from-position: ; --tw-gradient-via-position: ; --tw-gradient-to-position: ; --tw-ordinal: ; --tw-slashed-zero: ; --tw-numeric-figure: ; --tw-numeric-spacing: ; --tw-numeric-fraction: ; --tw-ring-inset: ; --tw-ring-offset-width: 0px; --tw-ring-offset-color: #fff; --tw-ring-color: rgba(69,89,164,0.5); --tw-ring-offset-shadow: 0 0 transparent; --tw-ring-shadow: 0 0 transparent; --tw-shadow: 0 0 transparent; --tw-shadow-colored: 0 0 transparent; --tw-blur: ; --tw-brightness: ; --tw-contrast: ; --tw-grayscale: ; --tw-hue-rotate: ; --tw-invert: ; --tw-saturate: ; --tw-sepia: ; --tw-drop-shadow: ; --tw-backdrop-blur: ; --tw-backdrop-brightness: ; --tw-backdrop-contrast: ; --tw-backdrop-grayscale: ; --tw-backdrop-hue-rotate: ; --tw-backdrop-invert: ; --tw-backdrop-opacity: ; --tw-backdrop-saturate: ; --tw-backdrop-sepia: ; margin: 0px; padding-left: 0.375em; display: block; min-height: 28px; font-family: \"Times New Roman\", Times, serif, -webkit-standard; color: rgb(0, 0, 0); font-size: 18px;'>Year (PositiveIntegerField)</li><li style='border: 0px solid rgb(217, 217, 227); --tw-border-spacing-x: 0; --tw-border-spacing-y: 0; --tw-translate-x: 0; --tw-translate-y: 0; --tw-rotate: 0; --tw-skew-x: 0; --tw-skew-y: 0; --tw-scale-x: 1; --tw-scale-y: 1; --tw-pan-x: ; --tw-pan-y: ; --tw-pinch-zoom: ; --tw-scroll-snap-strictness: proximity; --tw-gradient-from-position: ; --tw-gradient-via-position: ; --tw-gradient-to-position: ; --tw-ordinal: ; --tw-slashed-zero: ; --tw-numeric-figure: ; --tw-numeric-spacing: ; --tw-numeric-fraction: ; --tw-ring-inset: ; --tw-ring-offset-width: 0px; --tw-ring-offset-color: #fff; --tw-ring-color: rgba(69,89,164,0.5); --tw-ring-offset-shadow: 0 0 transparent; --tw-ring-shadow: 0 0 transparent; --tw-shadow: 0 0 transparent; --tw-shadow-colored: 0 0 transparent; --tw-blur: ; --tw-brightness: ; --tw-contrast: ; --tw-grayscale: ; --tw-hue-rotate: ; --tw-invert: ; --tw-saturate: ; --tw-sepia: ; --tw-drop-shadow: ; --tw-backdrop-blur: ; --tw-backdrop-brightness: ; --tw-backdrop-contrast: ; --tw-backdrop-grayscale: ; --tw-backdrop-hue-rotate: ; --tw-backdrop-invert: ; --tw-backdrop-opacity: ; --tw-backdrop-saturate: ; --tw-backdrop-sepia: ; margin: 0px; padding-left: 0.375em; display: block; min-height: 28px; font-family: \"Times New Roman\", Times, serif, -webkit-standard; color: rgb(0, 0, 0); font-size: 18px;'>Price (DecimalField)</li><li style='border: 0px solid rgb(217, 217, 227); --tw-border-spacing-x: 0; --tw-border-spacing-y: 0; --tw-translate-x: 0; --tw-translate-y: 0; --tw-rotate: 0; --tw-skew-x: 0; --tw-skew-y: 0; --tw-scale-x: 1; --tw-scale-y: 1; --tw-pan-x: ; --tw-pan-y: ; --tw-pinch-zoom: ; --tw-scroll-snap-strictness: proximity; --tw-gradient-from-position: ; --tw-gradient-via-position: ; --tw-gradient-to-position: ; --tw-ordinal: ; --tw-slashed-zero: ; --tw-numeric-figure: ; --tw-numeric-spacing: ; --tw-numeric-fraction: ; --tw-ring-inset: ; --tw-ring-offset-width: 0px; --tw-ring-offset-color: #fff; --tw-ring-color: rgba(69,89,164,0.5); --tw-ring-offset-shadow: 0 0 transparent; --tw-ring-shadow: 0 0 transparent; --tw-shadow: 0 0 transparent; --tw-shadow-colored: 0 0 transparent; --tw-blur: ; --tw-brightness: ; --tw-contrast: ; --tw-grayscale: ; --tw-hue-rotate: ; --tw-invert: ; --tw-saturate: ; --tw-sepia: ; --tw-drop-shadow: ; --tw-backdrop-blur: ; --tw-backdrop-brightness: ; --tw-backdrop-contrast: ; --tw-backdrop-grayscale: ; --tw-backdrop-hue-rotate: ; --tw-backdrop-invert: ; --tw-backdrop-opacity: ; --tw-backdrop-saturate: ; --tw-backdrop-sepia: ; margin: 0px; padding-left: 0.375em; display: block; min-height: 28px; font-family: \"Times New Roman\", Times, serif, -webkit-standard; color: rgb(0, 0, 0); font-size: 18px;'>Availability (BooleanField)</li><li style='border: 0px solid rgb(217, 217, 227); --tw-border-spacing-x: 0; --tw-border-spacing-y: 0; --tw-translate-x: 0; --tw-translate-y: 0; --tw-rotate: 0; --tw-skew-x: 0; --tw-skew-y: 0; --tw-scale-x: 1; --tw-scale-y: 1; --tw-pan-x: ; --tw-pan-y: ; --tw-pinch-zoom: ; --tw-scroll-snap-strictness: proximity; --tw-gradient-from-position: ; --tw-gradient-via-position: ; --tw-gradient-to-position: ; --tw-ordinal: ; --tw-slashed-zero: ; --tw-numeric-figure: ; --tw-numeric-spacing: ; --tw-numeric-fraction: ; --tw-ring-inset: ; --tw-ring-offset-width: 0px; --tw-ring-offset-color: #fff; --tw-ring-color: rgba(69,89,164,0.5); --tw-ring-offset-shadow: 0 0 transparent; --tw-ring-shadow: 0 0 transparent; --tw-shadow: 0 0 transparent; --tw-shadow-colored: 0 0 transparent; --tw-blur: ; --tw-brightness: ; --tw-contrast: ; --tw-grayscale: ; --tw-hue-rotate: ; --tw-invert: ; --tw-saturate: ; --tw-sepia: ; --tw-drop-shadow: ; --tw-backdrop-blur: ; --tw-backdrop-brightness: ; --tw-backdrop-contrast: ; --tw-backdrop-grayscale: ; --tw-backdrop-hue-rotate: ; --tw-backdrop-invert: ; --tw-backdrop-opacity: ; --tw-backdrop-saturate: ; --tw-backdrop-sepia: ; margin: 0px; padding-left: 0.375em; display: block; min-height: 28px; font-family: \"Times New Roman\", Times, serif, -webkit-standard; color: rgb(0, 0, 0); font-size: 18px;'>Image (ImageField)</li></ul></li><li style='border: 0px solid rgb(217, 217, 227); --tw-border-spacing-x: 0; --tw-border-spacing-y: 0; --tw-translate-x: 0; --tw-translate-y: 0; --tw-rotate: 0; --tw-skew-x: 0; --tw-skew-y: 0; --tw-scale-x: 1; --tw-scale-y: 1; --tw-pan-x: ; --tw-pan-y: ; --tw-pinch-zoom: ; --tw-scroll-snap-strictness: proximity; --tw-gradient-from-position: ; --tw-gradient-via-position: ; --tw-gradient-to-position: ; --tw-ordinal: ; --tw-slashed-zero: ; --tw-numeric-figure: ; --tw-numeric-spacing: ; --tw-numeric-fraction: ; --tw-ring-inset: ; --tw-ring-offset-width: 0px; --tw-ring-offset-color: #fff; --tw-ring-color: rgba(69,89,164,0.5); --tw-ring-offset-shadow: 0 0 transparent; --tw-ring-shadow: 0 0 transparent; --tw-shadow: 0 0 transparent; --tw-shadow-colored: 0 0 transparent; --tw-blur: ; --tw-brightness: ; --tw-contrast: ; --tw-grayscale: ; --tw-hue-rotate: ; --tw-invert: ; --tw-saturate: ; --tw-sepia: ; --tw-drop-shadow: ; --tw-backdrop-blur: ; --tw-backdrop-brightness: ; --tw-backdrop-contrast: ; --tw-backdrop-grayscale: ; --tw-backdrop-hue-rotate: ; --tw-backdrop-invert: ; --tw-backdrop-opacity: ; --tw-backdrop-saturate: ; --tw-backdrop-sepia: ; margin-bottom: 0px; margin-top: 0px; padding-left: 0.375em; counter-increment: list-number 1; display: block; min-height: 28px; font-family: \"Times New Roman\", Times, serif, -webkit-standard; color: rgb(0, 0, 0); font-size: 18px;'><p style=\"border: 0px solid rgb(217, 217, 227); --tw-border-spacing-x: 0; --tw-border-spacing-y: 0; --tw-translate-x: 0; --tw-translate-y: 0; --tw-rotate: 0; --tw-skew-x: 0; --tw-skew-y: 0; --tw-scale-x: 1; --tw-scale-y: 1; --tw-pan-x: ; --tw-pan-y: ; --tw-pinch-zoom: ; --tw-scroll-snap-strictness: proximity; --tw-gradient-from-position: ; --tw-gradient-via-position: ; --tw-gradient-to-position: ; --tw-ordinal: ; --tw-slashed-zero: ; --tw-numeric-figure: ; --tw-numeric-spacing: ; --tw-numeric-fraction: ; --tw-ring-inset: ; --tw-ring-offset-width: 0px; --tw-ring-offset-color: #fff; --tw-ring-color: rgba(69,89,164,0.5); --tw-ring-offset-shadow: 0 0 transparent; --tw-ring-shadow: 0 0 transparent; --tw-shadow: 0 0 transparent; --tw-shadow-colored: 0 0 transparent; --tw-blur: ; --tw-brightness: ; --tw-contrast: ; --tw-grayscale: ; --tw-hue-rotate: ; --tw-invert: ; --tw-saturate: ; --tw-sepia: ; --tw-drop-shadow: ; --tw-backdrop-blur: ; --tw-backdrop-brightness: ; --tw-backdrop-contrast: ; --tw-backdrop-grayscale: ; --tw-backdrop-hue-rotate: ; --tw-backdrop-invert: ; --tw-backdrop-opacity: ; --tw-backdrop-saturate: ; --tw-backdrop-sepia: ; margin-right: 0px; margin-bottom: 0px; margin-left: 0px;\">Implement views to handle the following functionalities:</p><ul style=\"border: 0px solid rgb(217, 217, 227); --tw-border-spacing-x: 0; --tw-border-spacing-y: 0; --tw-translate-x: 0; --tw-translate-y: 0; --tw-rotate: 0; --tw-skew-x: 0; --tw-skew-y: 0; --tw-scale-x: 1; --tw-scale-y: 1; --tw-pan-x: ; --tw-pan-y: ; --tw-pinch-zoom: ; --tw-scroll-snap-strictness: proximity; --tw-gradient-from-position: ; --tw-gradient-via-position: ; --tw-gradient-to-position: ; --tw-ordinal: ; --tw-slashed-zero: ; --tw-numeric-figure: ; --tw-numeric-spacing: ; --tw-numeric-fraction: ; --tw-ring-inset: ; --tw-ring-offset-width: 0px; --tw-ring-offset-color: #fff; --tw-ring-color: rgba(69,89,164,0.5); --tw-ring-offset-shadow: 0 0 transparent; --tw-ring-shadow: 0 0 transparent; --tw-shadow: 0 0 transparent; --tw-shadow-colored: 0 0 transparent; --tw-blur: ; --tw-brightness: ; --tw-contrast: ; --tw-grayscale: ; --tw-hue-rotate: ; --tw-invert: ; --tw-saturate: ; --tw-sepia: ; --tw-drop-shadow: ; --tw-backdrop-blur: ; --tw-backdrop-brightness: ; --tw-backdrop-contrast: ; --tw-backdrop-grayscale: ; --tw-backdrop-hue-rotate: ; --tw-backdrop-invert: ; --tw-backdrop-opacity: ; --tw-backdrop-saturate: ; --tw-backdrop-sepia: ; list-style: outside; margin-right: 0px; margin-left: 1rem; padding: 0px; display: flex; flex-direction: column; font-weight: initial; font-family: initial; color: initial; font-size: initial;\"><li style='border: 0px solid rgb(217, 217, 227); --tw-border-spacing-x: 0; --tw-border-spacing-y: 0; --tw-translate-x: 0; --tw-translate-y: 0; --tw-rotate: 0; --tw-skew-x: 0; --tw-skew-y: 0; --tw-scale-x: 1; --tw-scale-y: 1; --tw-pan-x: ; --tw-pan-y: ; --tw-pinch-zoom: ; --tw-scroll-snap-strictness: proximity; --tw-gradient-from-position: ; --tw-gradient-via-position: ; --tw-gradient-to-position: ; --tw-ordinal: ; --tw-slashed-zero: ; --tw-numeric-figure: ; --tw-numeric-spacing: ; --tw-numeric-fraction: ; --tw-ring-inset: ; --tw-ring-offset-width: 0px; --tw-ring-offset-color: #fff; --tw-ring-color: rgba(69,89,164,0.5); --tw-ring-offset-shadow: 0 0 transparent; --tw-ring-shadow: 0 0 transparent; --tw-shadow: 0 0 transparent; --tw-shadow-colored: 0 0 transparent; --tw-blur: ; --tw-brightness: ; --tw-contrast: ; --tw-grayscale: ; --tw-hue-rotate: ; --tw-invert: ; --tw-saturate: ; --tw-sepia: ; --tw-drop-shadow: ; --tw-backdrop-blur: ; --tw-backdrop-brightness: ; --tw-backdrop-contrast: ; --tw-backdrop-grayscale: ; --tw-backdrop-hue-rotate: ; --tw-backdrop-invert: ; --tw-backdrop-opacity: ; --tw-backdrop-saturate: ; --tw-backdrop-sepia: ; margin: 0px; padding-left: 0.375em; display: block; min-height: 28px; font-family: \"Times New Roman\", Times, serif, -webkit-standard; color: rgb(0, 0, 0); font-size: 18px;'>Display a list of available cars in the inventory.</li><li style='border: 0px solid rgb(217, 217, 227); --tw-border-spacing-x: 0; --tw-border-spacing-y: 0; --tw-translate-x: 0; --tw-translate-y: 0; --tw-rotate: 0; --tw-skew-x: 0; --tw-skew-y: 0; --tw-scale-x: 1; --tw-scale-y: 1; --tw-pan-x: ; --tw-pan-y: ; --tw-pinch-zoom: ; --tw-scroll-snap-strictness: proximity; --tw-gradient-from-position: ; --tw-gradient-via-position: ; --tw-gradient-to-position: ; --tw-ordinal: ; --tw-slashed-zero: ; --tw-numeric-figure: ; --tw-numeric-spacing: ; --tw-numeric-fraction: ; --tw-ring-inset: ; --tw-ring-offset-width: 0px; --tw-ring-offset-color: #fff; --tw-ring-color: rgba(69,89,164,0.5); --tw-ring-offset-shadow: 0 0 transparent; --tw-ring-shadow: 0 0 transparent; --tw-shadow: 0 0 transparent; --tw-shadow-colored: 0 0 transparent; --tw-blur: ; --tw-brightness: ; --tw-contrast: ; --tw-grayscale: ; --tw-hue-rotate: ; --tw-invert: ; --tw-saturate: ; --tw-sepia: ; --tw-drop-shadow: ; --tw-backdrop-blur: ; --tw-backdrop-brightness: ; --tw-backdrop-contrast: ; --tw-backdrop-grayscale: ; --tw-backdrop-hue-rotate: ; --tw-backdrop-invert: ; --tw-backdrop-opacity: ; --tw-backdrop-saturate: ; --tw-backdrop-sepia: ; margin: 0px; padding-left: 0.375em; display: block; min-height: 28px; font-family: \"Times New Roman\", Times, serif, -webkit-standard; color: rgb(0, 0, 0); font-size: 18px;'>View details of a specific car, including its make, model, year, price, and image.</li><li style='border: 0px solid rgb(217, 217, 227); --tw-border-spacing-x: 0; --tw-border-spacing-y: 0; --tw-translate-x: 0; --tw-translate-y: 0; --tw-rotate: 0; --tw-skew-x: 0; --tw-skew-y: 0; --tw-scale-x: 1; --tw-scale-y: 1; --tw-pan-x: ; --tw-pan-y: ; --tw-pinch-zoom: ; --tw-scroll-snap-strictness: proximity; --tw-gradient-from-position: ; --tw-gradient-via-position: ; --tw-gradient-to-position: ; --tw-ordinal: ; --tw-slashed-zero: ; --tw-numeric-figure: ; --tw-numeric-spacing: ; --tw-numeric-fraction: ; --tw-ring-inset: ; --tw-ring-offset-width: 0px; --tw-ring-offset-color: #fff; --tw-ring-color: rgba(69,89,164,0.5); --tw-ring-offset-shadow: 0 0 transparent; --tw-ring-shadow: 0 0 transparent; --tw-shadow: 0 0 transparent; --tw-shadow-colored: 0 0 transparent; --tw-blur: ; --tw-brightness: ; --tw-contrast: ; --tw-grayscale: ; --tw-hue-rotate: ; --tw-invert: ; --tw-saturate: ; --tw-sepia: ; --tw-drop-shadow: ; --tw-backdrop-blur: ; --tw-backdrop-brightness: ; --tw-backdrop-contrast: ; --tw-backdrop-grayscale: ; --tw-backdrop-hue-rotate: ; --tw-backdrop-invert: ; --tw-backdrop-opacity: ; --tw-backdrop-saturate: ; --tw-backdrop-sepia: ; margin: 0px; padding-left: 0.375em; display: block; min-height: 28px; font-family: \"Times New Roman\", Times, serif, -webkit-standard; color: rgb(0, 0, 0); font-size: 18px;'>Allow users to rent a car (change availability status) when viewing car details.</li></ul></li><li style='border: 0px solid rgb(217, 217, 227); --tw-border-spacing-x: 0; --tw-border-spacing-y: 0; --tw-translate-x: 0; --tw-translate-y: 0; --tw-rotate: 0; --tw-skew-x: 0; --tw-skew-y: 0; --tw-scale-x: 1; --tw-scale-y: 1; --tw-pan-x: ; --tw-pan-y: ; --tw-pinch-zoom: ; --tw-scroll-snap-strictness: proximity; --tw-gradient-from-position: ; --tw-gradient-via-position: ; --tw-gradient-to-position: ; --tw-ordinal: ; --tw-slashed-zero: ; --tw-numeric-figure: ; --tw-numeric-spacing: ; --tw-numeric-fraction: ; --tw-ring-inset: ; --tw-ring-offset-width: 0px; --tw-ring-offset-color: #fff; --tw-ring-color: rgba(69,89,164,0.5); --tw-ring-offset-shadow: 0 0 transparent; --tw-ring-shadow: 0 0 transparent; --tw-shadow: 0 0 transparent; --tw-shadow-colored: 0 0 transparent; --tw-blur: ; --tw-brightness: ; --tw-contrast: ; --tw-grayscale: ; --tw-hue-rotate: ; --tw-invert: ; --tw-saturate: ; --tw-sepia: ; --tw-drop-shadow: ; --tw-backdrop-blur: ; --tw-backdrop-brightness: ; --tw-backdrop-contrast: ; --tw-backdrop-grayscale: ; --tw-backdrop-hue-rotate: ; --tw-backdrop-invert: ; --tw-backdrop-opacity: ; --tw-backdrop-saturate: ; --tw-backdrop-sepia: ; margin-bottom: 0px; margin-top: 0px; padding-left: 0.375em; counter-increment: list-number 1; display: block; min-height: 28px; font-family: \"Times New Roman\", Times, serif, -webkit-standard; color: rgb(0, 0, 0); font-size: 18px;'><p style=\"border: 0px solid rgb(217, 217, 227); --tw-border-spacing-x: 0; --tw-border-spacing-y: 0; --tw-translate-x: 0; --tw-translate-y: 0; --tw-rotate: 0; --tw-skew-x: 0; --tw-skew-y: 0; --tw-scale-x: 1; --tw-scale-y: 1; --tw-pan-x: ; --tw-pan-y: ; --tw-pinch-zoom: ; --tw-scroll-snap-strictness: proximity; --tw-gradient-from-position: ; --tw-gradient-via-position: ; --tw-gradient-to-position: ; --tw-ordinal: ; --tw-slashed-zero: ; --tw-numeric-figure: ; --tw-numeric-spacing: ; --tw-numeric-fraction: ; --tw-ring-inset: ; --tw-ring-offset-width: 0px; --tw-ring-offset-color: #fff; --tw-ring-color: rgba(69,89,164,0.5); --tw-ring-offset-shadow: 0 0 transparent; --tw-ring-shadow: 0 0 transparent; --tw-shadow: 0 0 transparent; --tw-shadow-colored: 0 0 transparent; --tw-blur: ; --tw-brightness: ; --tw-contrast: ; --tw-grayscale: ; --tw-hue-rotate: ; --tw-invert: ; --tw-saturate: ; --tw-sepia: ; --tw-drop-shadow: ; --tw-backdrop-blur: ; --tw-backdrop-brightness: ; --tw-backdrop-contrast: ; --tw-backdrop-grayscale: ; --tw-backdrop-hue-rotate: ; --tw-backdrop-invert: ; --tw-backdrop-opacity: ; --tw-backdrop-saturate: ; --tw-backdrop-sepia: ; margin-right: 0px; margin-bottom: 0px; margin-left: 0px;\">Design URLs to map the views:</p><ul style=\"border: 0px solid rgb(217, 217, 227); --tw-border-spacing-x: 0; --tw-border-spacing-y: 0; --tw-translate-x: 0; --tw-translate-y: 0; --tw-rotate: 0; --tw-skew-x: 0; --tw-skew-y: 0; --tw-scale-x: 1; --tw-scale-y: 1; --tw-pan-x: ; --tw-pan-y: ; --tw-pinch-zoom: ; --tw-scroll-snap-strictness: proximity; --tw-gradient-from-position: ; --tw-gradient-via-position: ; --tw-gradient-to-position: ; --tw-ordinal: ; --tw-slashed-zero: ; --tw-numeric-figure: ; --tw-numeric-spacing: ; --tw-numeric-fraction: ; --tw-ring-inset: ; --tw-ring-offset-width: 0px; --tw-ring-offset-color: #fff; --tw-ring-color: rgba(69,89,164,0.5); --tw-ring-offset-shadow: 0 0 transparent; --tw-ring-shadow: 0 0 transparent; --tw-shadow: 0 0 transparent; --tw-shadow-colored: 0 0 transparent; --tw-blur: ; --tw-brightness: ; --tw-contrast: ; --tw-grayscale: ; --tw-hue-rotate: ; --tw-invert: ; --tw-saturate: ; --tw-sepia: ; --tw-drop-shadow: ; --tw-backdrop-blur: ; --tw-backdrop-brightness: ; --tw-backdrop-contrast: ; --tw-backdrop-grayscale: ; --tw-backdrop-hue-rotate: ; --tw-backdrop-invert: ; --tw-backdrop-opacity: ; --tw-backdrop-saturate: ; --tw-backdrop-sepia: ; list-style: outside; margin-right: 0px; margin-left: 1rem; padding: 0px; display: flex; flex-direction: column; font-weight: initial; font-family: initial; color: initial; font-size: initial;\"><li style='border: 0px solid rgb(217, 217, 227); --tw-border-spacing-x: 0; --tw-border-spacing-y: 0; --tw-translate-x: 0; --tw-translate-y: 0; --tw-rotate: 0; --tw-skew-x: 0; --tw-skew-y: 0; --tw-scale-x: 1; --tw-scale-y: 1; --tw-pan-x: ; --tw-pan-y: ; --tw-pinch-zoom: ; --tw-scroll-snap-strictness: proximity; --tw-gradient-from-position: ; --tw-gradient-via-position: ; --tw-gradient-to-position: ; --tw-ordinal: ; --tw-slashed-zero: ; --tw-numeric-figure: ; --tw-numeric-spacing: ; --tw-numeric-fraction: ; --tw-ring-inset: ; --tw-ring-offset-width: 0px; --tw-ring-offset-color: #fff; --tw-ring-color: rgba(69,89,164,0.5); --tw-ring-offset-shadow: 0 0 transparent; --tw-ring-shadow: 0 0 transparent; --tw-shadow: 0 0 transparent; --tw-shadow-colored: 0 0 transparent; --tw-blur: ; --tw-brightness: ; --tw-contrast: ; --tw-grayscale: ; --tw-hue-rotate: ; --tw-invert: ; --tw-saturate: ; --tw-sepia: ; --tw-drop-shadow: ; --tw-backdrop-blur: ; --tw-backdrop-brightness: ; --tw-backdrop-contrast: ; --tw-backdrop-grayscale: ; --tw-backdrop-hue-rotate: ; --tw-backdrop-invert: ; --tw-backdrop-opacity: ; --tw-backdrop-saturate: ; --tw-backdrop-sepia: ; margin: 0px; padding-left: 0.375em; display: block; min-height: 28px; font-family: \"Times New Roman\", Times, serif, -webkit-standard; color: rgb(0, 0, 0); font-size: 18px;'>URL pattern for displaying the list of available cars should be &quot;cars/&quot;.</li><li style='border: 0px solid rgb(217, 217, 227); --tw-border-spacing-x: 0; --tw-border-spacing-y: 0; --tw-translate-x: 0; --tw-translate-y: 0; --tw-rotate: 0; --tw-skew-x: 0; --tw-skew-y: 0; --tw-scale-x: 1; --tw-scale-y: 1; --tw-pan-x: ; --tw-pan-y: ; --tw-pinch-zoom: ; --tw-scroll-snap-strictness: proximity; --tw-gradient-from-position: ; --tw-gradient-via-position: ; --tw-gradient-to-position: ; --tw-ordinal: ; --tw-slashed-zero: ; --tw-numeric-figure: ; --tw-numeric-spacing: ; --tw-numeric-fraction: ; --tw-ring-inset: ; --tw-ring-offset-width: 0px; --tw-ring-offset-color: #fff; --tw-ring-color: rgba(69,89,164,0.5); --tw-ring-offset-shadow: 0 0 transparent; --tw-ring-shadow: 0 0 transparent; --tw-shadow: 0 0 transparent; --tw-shadow-colored: 0 0 transparent; --tw-blur: ; --tw-brightness: ; --tw-contrast: ; --tw-grayscale: ; --tw-hue-rotate: ; --tw-invert: ; --tw-saturate: ; --tw-sepia: ; --tw-drop-shadow: ; --tw-backdrop-blur: ; --tw-backdrop-brightness: ; --tw-backdrop-contrast: ; --tw-backdrop-grayscale: ; --tw-backdrop-hue-rotate: ; --tw-backdrop-invert: ; --tw-backdrop-opacity: ; --tw-backdrop-saturate: ; --tw-backdrop-sepia: ; margin: 0px; padding-left: 0.375em; display: block; min-height: 28px; font-family: \"Times New Roman\", Times, serif, -webkit-standard; color: rgb(0, 0, 0); font-size: 18px;'>URL pattern for viewing details of a specific car should be &quot;cars/<a style=\"border: 0px solid rgb(217, 217, 227); --tw-border-spacing-x: 0; --tw-border-spacing-y: 0; --tw-translate-x: 0; --tw-translate-y: 0; --tw-rotate: 0; --tw-skew-x: 0; --tw-skew-y: 0; --tw-scale-x: 1; --tw-scale-y: 1; --tw-pan-x: ; --tw-pan-y: ; --tw-pinch-zoom: ; --tw-scroll-snap-strictness: proximity; --tw-gradient-from-position: ; --tw-gradient-via-position: ; --tw-gradient-to-position: ; --tw-ordinal: ; --tw-slashed-zero: ; --tw-numeric-figure: ; --tw-numeric-spacing: ; --tw-numeric-fraction: ; --tw-ring-inset: ; --tw-ring-offset-width: 0px; --tw-ring-offset-color: #fff; --tw-ring-color: rgba(69,89,164,0.5); --tw-ring-offset-shadow: 0 0 transparent; --tw-ring-shadow: 0 0 transparent; --tw-shadow: 0 0 transparent; --tw-shadow-colored: 0 0 transparent; --tw-blur: ; --tw-brightness: ; --tw-contrast: ; --tw-grayscale: ; --tw-hue-rotate: ; --tw-invert: ; --tw-saturate: ; --tw-sepia: ; --tw-drop-shadow: ; --tw-backdrop-blur: ; --tw-backdrop-brightness: ; --tw-backdrop-contrast: ; --tw-backdrop-grayscale: ; --tw-backdrop-hue-rotate: ; --tw-backdrop-invert: ; --tw-backdrop-opacity: ; --tw-backdrop-saturate: ; --tw-backdrop-sepia: ; color: var(--tw-prose-links); text-decoration: underline; text-underline-offset: 2px;\" target=\"_new\">int:car_id</a>/&quot;.</li><li style='border: 0px solid rgb(217, 217, 227); --tw-border-spacing-x: 0; --tw-border-spacing-y: 0; --tw-translate-x: 0; --tw-translate-y: 0; --tw-rotate: 0; --tw-skew-x: 0; --tw-skew-y: 0; --tw-scale-x: 1; --tw-scale-y: 1; --tw-pan-x: ; --tw-pan-y: ; --tw-pinch-zoom: ; --tw-scroll-snap-strictness: proximity; --tw-gradient-from-position: ; --tw-gradient-via-position: ; --tw-gradient-to-position: ; --tw-ordinal: ; --tw-slashed-zero: ; --tw-numeric-figure: ; --tw-numeric-spacing: ; --tw-numeric-fraction: ; --tw-ring-inset: ; --tw-ring-offset-width: 0px; --tw-ring-offset-color: #fff; --tw-ring-color: rgba(69,89,164,0.5); --tw-ring-offset-shadow: 0 0 transparent; --tw-ring-shadow: 0 0 transparent; --tw-shadow: 0 0 transparent; --tw-shadow-colored: 0 0 transparent; --tw-blur: ; --tw-brightness: ; --tw-contrast: ; --tw-grayscale: ; --tw-hue-rotate: ; --tw-invert: ; --tw-saturate: ; --tw-sepia: ; --tw-drop-shadow: ; --tw-backdrop-blur: ; --tw-backdrop-brightness: ; --tw-backdrop-contrast: ; --tw-backdrop-grayscale: ; --tw-backdrop-hue-rotate: ; --tw-backdrop-invert: ; --tw-backdrop-opacity: ; --tw-backdrop-saturate: ; --tw-backdrop-sepia: ; margin: 0px; padding-left: 0.375em; display: block; min-height: 28px; font-family: \"Times New Roman\", Times, serif, -webkit-standard; color: rgb(0, 0, 0); font-size: 18px;'>URL pattern for renting a car should be &quot;cars/<a style=\"border: 0px solid rgb(217, 217, 227); --tw-border-spacing-x: 0; --tw-border-spacing-y: 0; --tw-translate-x: 0; --tw-translate-y: 0; --tw-rotate: 0; --tw-skew-x: 0; --tw-skew-y: 0; --tw-scale-x: 1; --tw-scale-y: 1; --tw-pan-x: ; --tw-pan-y: ; --tw-pinch-zoom: ; --tw-scroll-snap-strictness: proximity; --tw-gradient-from-position: ; --tw-gradient-via-position: ; --tw-gradient-to-position: ; --tw-ordinal: ; --tw-slashed-zero: ; --tw-numeric-figure: ; --tw-numeric-spacing: ; --tw-numeric-fraction: ; --tw-ring-inset: ; --tw-ring-offset-width: 0px; --tw-ring-offset-color: #fff; --tw-ring-color: rgba(69,89,164,0.5); --tw-ring-offset-shadow: 0 0 transparent; --tw-ring-shadow: 0 0 transparent; --tw-shadow: 0 0 transparent; --tw-shadow-colored: 0 0 transparent; --tw-blur: ; --tw-brightness: ; --tw-contrast: ; --tw-grayscale: ; --tw-hue-rotate: ; --tw-invert: ; --tw-saturate: ; --tw-sepia: ; --tw-drop-shadow: ; --tw-backdrop-blur: ; --tw-backdrop-brightness: ; --tw-backdrop-contrast: ; --tw-backdrop-grayscale: ; --tw-backdrop-hue-rotate: ; --tw-backdrop-invert: ; --tw-backdrop-opacity: ; --tw-backdrop-saturate: ; --tw-backdrop-sepia: ; color: var(--tw-prose-links); text-decoration: underline; text-underline-offset: 2px;\" target=\"_new\">int:car_id</a>/rent/&quot;.</li></ul></li><li style='border: 0px solid rgb(217, 217, 227); --tw-border-spacing-x: 0; --tw-border-spacing-y: 0; --tw-translate-x: 0; --tw-translate-y: 0; --tw-rotate: 0; --tw-skew-x: 0; --tw-skew-y: 0; --tw-scale-x: 1; --tw-scale-y: 1; --tw-pan-x: ; --tw-pan-y: ; --tw-pinch-zoom: ; --tw-scroll-snap-strictness: proximity; --tw-gradient-from-position: ; --tw-gradient-via-position: ; --tw-gradient-to-position: ; --tw-ordinal: ; --tw-slashed-zero: ; --tw-numeric-figure: ; --tw-numeric-spacing: ; --tw-numeric-fraction: ; --tw-ring-inset: ; --tw-ring-offset-width: 0px; --tw-ring-offset-color: #fff; --tw-ring-color: rgba(69,89,164,0.5); --tw-ring-offset-shadow: 0 0 transparent; --tw-ring-shadow: 0 0 transparent; --tw-shadow: 0 0 transparent; --tw-shadow-colored: 0 0 transparent; --tw-blur: ; --tw-brightness: ; --tw-contrast: ; --tw-grayscale: ; --tw-hue-rotate: ; --tw-invert: ; --tw-saturate: ; --tw-sepia: ; --tw-drop-shadow: ; --tw-backdrop-blur: ; --tw-backdrop-brightness: ; --tw-backdrop-contrast: ; --tw-backdrop-grayscale: ; --tw-backdrop-hue-rotate: ; --tw-backdrop-invert: ; --tw-backdrop-opacity: ; --tw-backdrop-saturate: ; --tw-backdrop-sepia: ; margin-bottom: 0px; margin-top: 0px; padding-left: 0.375em; counter-increment: list-number 1; display: block; min-height: 28px; font-family: \"Times New Roman\", Times, serif, -webkit-standard; color: rgb(0, 0, 0); font-size: 18px;'><p style=\"border: 0px solid rgb(217, 217, 227); --tw-border-spacing-x: 0; --tw-border-spacing-y: 0; --tw-translate-x: 0; --tw-translate-y: 0; --tw-rotate: 0; --tw-skew-x: 0; --tw-skew-y: 0; --tw-scale-x: 1; --tw-scale-y: 1; --tw-pan-x: ; --tw-pan-y: ; --tw-pinch-zoom: ; --tw-scroll-snap-strictness: proximity; --tw-gradient-from-position: ; --tw-gradient-via-position: ; --tw-gradient-to-position: ; --tw-ordinal: ; --tw-slashed-zero: ; --tw-numeric-figure: ; --tw-numeric-spacing: ; --tw-numeric-fraction: ; --tw-ring-inset: ; --tw-ring-offset-width: 0px; --tw-ring-offset-color: #fff; --tw-ring-color: rgba(69,89,164,0.5); --tw-ring-offset-shadow: 0 0 transparent; --tw-ring-shadow: 0 0 transparent; --tw-shadow: 0 0 transparent; --tw-shadow-colored: 0 0 transparent; --tw-blur: ; --tw-brightness: ; --tw-contrast: ; --tw-grayscale: ; --tw-hue-rotate: ; --tw-invert: ; --tw-saturate: ; --tw-sepia: ; --tw-drop-shadow: ; --tw-backdrop-blur: ; --tw-backdrop-brightness: ; --tw-backdrop-contrast: ; --tw-backdrop-grayscale: ; --tw-backdrop-hue-rotate: ; --tw-backdrop-invert: ; --tw-backdrop-opacity: ; --tw-backdrop-saturate: ; --tw-backdrop-sepia: ; margin-right: 0px; margin-bottom: 0px; margin-left: 0px;\">Implement templates to render the views with appropriate HTML structure and CSS styling.</p></li><li style='border: 0px solid rgb(217, 217, 227); --tw-border-spacing-x: 0; --tw-border-spacing-y: 0; --tw-translate-x: 0; --tw-translate-y: 0; --tw-rotate: 0; --tw-skew-x: 0; --tw-skew-y: 0; --tw-scale-x: 1; --tw-scale-y: 1; --tw-pan-x: ; --tw-pan-y: ; --tw-pinch-zoom: ; --tw-scroll-snap-strictness: proximity; --tw-gradient-from-position: ; --tw-gradient-via-position: ; --tw-gradient-to-position: ; --tw-ordinal: ; --tw-slashed-zero: ; --tw-numeric-figure: ; --tw-numeric-spacing: ; --tw-numeric-fraction: ; --tw-ring-inset: ; --tw-ring-offset-width: 0px; --tw-ring-offset-color: #fff; --tw-ring-color: rgba(69,89,164,0.5); --tw-ring-offset-shadow: 0 0 transparent; --tw-ring-shadow: 0 0 transparent; --tw-shadow: 0 0 transparent; --tw-shadow-colored: 0 0 transparent; --tw-blur: ; --tw-brightness: ; --tw-contrast: ; --tw-grayscale: ; --tw-hue-rotate: ; --tw-invert: ; --tw-saturate: ; --tw-sepia: ; --tw-drop-shadow: ; --tw-backdrop-blur: ; --tw-backdrop-brightness: ; --tw-backdrop-contrast: ; --tw-backdrop-grayscale: ; --tw-backdrop-hue-rotate: ; --tw-backdrop-invert: ; --tw-backdrop-opacity: ; --tw-backdrop-saturate: ; --tw-backdrop-sepia: ; margin-bottom: 0px; margin-top: 0px; padding-left: 0.375em; counter-increment: list-number 1; display: block; min-height: 28px; font-family: \"Times New Roman\", Times, serif, -webkit-standard; color: rgb(0, 0, 0); font-size: 18px;'><p style=\"border: 0px solid rgb(217, 217, 227); --tw-border-spacing-x: 0; --tw-border-spacing-y: 0; --tw-translate-x: 0; --tw-translate-y: 0; --tw-rotate: 0; --tw-skew-x: 0; --tw-skew-y: 0; --tw-scale-x: 1; --tw-scale-y: 1; --tw-pan-x: ; --tw-pan-y: ; --tw-pinch-zoom: ; --tw-scroll-snap-strictness: proximity; --tw-gradient-from-position: ; --tw-gradient-via-position: ; --tw-gradient-to-position: ; --tw-ordinal: ; --tw-slashed-zero: ; --tw-numeric-figure: ; --tw-numeric-spacing: ; --tw-numeric-fraction: ; --tw-ring-inset: ; --tw-ring-offset-width: 0px; --tw-ring-offset-color: #fff; --tw-ring-color: rgba(69,89,164,0.5); --tw-ring-offset-shadow: 0 0 transparent; --tw-ring-shadow: 0 0 transparent; --tw-shadow: 0 0 transparent; --tw-shadow-colored: 0 0 transparent; --tw-blur: ; --tw-brightness: ; --tw-contrast: ; --tw-grayscale: ; --tw-hue-rotate: ; --tw-invert: ; --tw-saturate: ; --tw-sepia: ; --tw-drop-shadow: ; --tw-backdrop-blur: ; --tw-backdrop-brightness: ; --tw-backdrop-contrast: ; --tw-backdrop-grayscale: ; --tw-backdrop-hue-rotate: ; --tw-backdrop-invert: ; --tw-backdrop-opacity: ; --tw-backdrop-saturate: ; --tw-backdrop-sepia: ; margin-right: 0px; margin-bottom: 0px; margin-left: 0px;\">Ensure proper error handling and display user-friendly messages when needed (e.g., when a car is not available for rent).</p></li></ol><p style='border: 0px solid rgb(217, 217, 227); margin: 1.25em 0px; caret-color: rgb(209, 213, 219); color: rgb(209, 213, 219); font-family: Shne, ui-sans-serif, system-ui, -apple-system, \"Segoe UI\", Roboto, Ubuntu, Cantarell, \"Noto Sans\", sans-serif, \"Helvetica Neue\", Arial, \"Apple Color Emoji\", \"Segoe UI Emoji\", \"Segoe UI Symbol\", \"Noto Color Emoji\"; white-space: pre-wrap;'><span style='font-family: \"Times New Roman\", Times, serif, -webkit-standard; color: rgb(0, 0, 0); font-size: 18px;'>Note: You can use any frontend framework (e.g., Bootstrap) or custom CSS to enhance the UI.</span></p><p style='border: 0px solid rgb(217, 217, 227); margin: 1.25em 0px 0px; caret-color: rgb(209, 213, 219); color: rgb(209, 213, 219); font-family: Shne, ui-sans-serif, system-ui, -apple-system, \"Segoe UI\", Roboto, Ubuntu, Cantarell, \"Noto Sans\", sans-serif, \"Helvetica Neue\", Arial, \"Apple Color Emoji\", \"Segoe UI Emoji\", \"Segoe UI Symbol\", \"Noto Color Emoji\"; white-space: pre-wrap;'><span style='font-family: \"Times New Roman\", Times, serif, -webkit-standard; color: rgb(0, 0, 0); font-size: 18px;'>Submission:\r\nSubmit the Django project folder (CarAppProject) along with the &quot;carrental&quot; app folder, including all the necessary files (models.py, views.py, urls.py, templates, etc.), and a README file (if any specific instructions are needed to run the project).</span></p><ol style='border: 0px solid rgb(217, 217, 227); list-style: none; margin: 1.25em 0px; padding: 0px; counter-reset: list-number 0; display: flex; flex-direction: column; caret-color: rgb(209, 213, 219); color: rgb(209, 213, 219); font-family: Shne, ui-sans-serif, system-ui, -apple-system, \"Segoe UI\", Roboto, Ubuntu, Cantarell, \"Noto Sans\", sans-serif, \"Helvetica Neue\", Arial, \"Apple Color Emoji\", \"Segoe UI Emoji\", \"Segoe UI Symbol\", \"Noto Color Emoji\"; white-space: pre-wrap;'><li style='border: 0px solid rgb(217, 217, 227); --tw-border-spacing-x: 0; --tw-border-spacing-y: 0; --tw-translate-x: 0; --tw-translate-y: 0; --tw-rotate: 0; --tw-skew-x: 0; --tw-skew-y: 0; --tw-scale-x: 1; --tw-scale-y: 1; --tw-pan-x: ; --tw-pan-y: ; --tw-pinch-zoom: ; --tw-scroll-snap-strictness: proximity; --tw-gradient-from-position: ; --tw-gradient-via-position: ; --tw-gradient-to-position: ; --tw-ordinal: ; --tw-slashed-zero: ; --tw-numeric-figure: ; --tw-numeric-spacing: ; --tw-numeric-fraction: ; --tw-ring-inset: ; --tw-ring-offset-width: 0px; --tw-ring-offset-color: #fff; --tw-ring-color: rgba(69,89,164,0.5); --tw-ring-offset-shadow: 0 0 transparent; --tw-ring-shadow: 0 0 transparent; --tw-shadow: 0 0 transparent; --tw-shadow-colored: 0 0 transparent; --tw-blur: ; --tw-brightness: ; --tw-contrast: ; --tw-grayscale: ; --tw-hue-rotate: ; --tw-invert: ; --tw-saturate: ; --tw-sepia: ; --tw-drop-shadow: ; --tw-backdrop-blur: ; --tw-backdrop-brightness: ; --tw-backdrop-contrast: ; --tw-backdrop-grayscale: ; --tw-backdrop-hue-rotate: ; --tw-backdrop-invert: ; --tw-backdrop-opacity: ; --tw-backdrop-saturate: ; --tw-backdrop-sepia: ; margin-bottom: 0px; margin-top: 0px; padding-left: 0.375em; counter-increment: list-number 1; display: block; min-height: 28px; font-family: \"Times New Roman\", Times, serif, -webkit-standard; color: rgb(0, 0, 0); font-size: 18px;'><br><ul style=\"border: 0px solid rgb(217, 217, 227); --tw-border-spacing-x: 0; --tw-border-spacing-y: 0; --tw-translate-x: 0; --tw-translate-y: 0; --tw-rotate: 0; --tw-skew-x: 0; --tw-skew-y: 0; --tw-scale-x: 1; --tw-scale-y: 1; --tw-pan-x: ; --tw-pan-y: ; --tw-pinch-zoom: ; --tw-scroll-snap-strictness: proximity; --tw-gradient-from-position: ; --tw-gradient-via-position: ; --tw-gradient-to-position: ; --tw-ordinal: ; --tw-slashed-zero: ; --tw-numeric-figure: ; --tw-numeric-spacing: ; --tw-numeric-fraction: ; --tw-ring-inset: ; --tw-ring-offset-width: 0px; --tw-ring-offset-color: #fff; --tw-ring-color: rgba(69,89,164,0.5); --tw-ring-offset-shadow: 0 0 transparent; --tw-ring-shadow: 0 0 transparent; --tw-shadow: 0 0 transparent; --tw-shadow-colored: 0 0 transparent; --tw-blur: ; --tw-brightness: ; --tw-contrast: ; --tw-grayscale: ; --tw-hue-rotate: ; --tw-invert: ; --tw-saturate: ; --tw-sepia: ; --tw-drop-shadow: ; --tw-backdrop-blur: ; --tw-backdrop-brightness: ; --tw-backdrop-contrast: ; --tw-backdrop-grayscale: ; --tw-backdrop-hue-rotate: ; --tw-backdrop-invert: ; --tw-backdrop-opacity: ; --tw-backdrop-saturate: ; --tw-backdrop-sepia: ; list-style: outside; margin-right: 0px; margin-left: 1rem; padding: 0px; display: flex; flex-direction: column; font-weight: initial; font-family: initial; color: initial; font-size: initial;\"><li style='border: 0px solid rgb(217, 217, 227); --tw-border-spacing-x: 0; --tw-border-spacing-y: 0; --tw-translate-x: 0; --tw-translate-y: 0; --tw-rotate: 0; --tw-skew-x: 0; --tw-skew-y: 0; --tw-scale-x: 1; --tw-scale-y: 1; --tw-pan-x: ; --tw-pan-y: ; --tw-pinch-zoom: ; --tw-scroll-snap-strictness: proximity; --tw-gradient-from-position: ; --tw-gradient-via-position: ; --tw-gradient-to-position: ; --tw-ordinal: ; --tw-slashed-zero: ; --tw-numeric-figure: ; --tw-numeric-spacing: ; --tw-numeric-fraction: ; --tw-ring-inset: ; --tw-ring-offset-width: 0px; --tw-ring-offset-color: #fff; --tw-ring-color: rgba(69,89,164,0.5); --tw-ring-offset-shadow: 0 0 transparent; --tw-ring-shadow: 0 0 transparent; --tw-shadow: 0 0 transparent; --tw-shadow-colored: 0 0 transparent; --tw-blur: ; --tw-brightness: ; --tw-contrast: ; --tw-grayscale: ; --tw-hue-rotate: ; --tw-invert: ; --tw-saturate: ; --tw-sepia: ; --tw-drop-shadow: ; --tw-backdrop-blur: ; --tw-backdrop-brightness: ; --tw-backdrop-contrast: ; --tw-backdrop-grayscale: ; --tw-backdrop-hue-rotate: ; --tw-backdrop-invert: ; --tw-backdrop-opacity: ; --tw-backdrop-saturate: ; --tw-backdrop-sepia: ; margin: 0px; padding-left: 0.375em; display: block; min-height: 28px; font-family: \"Times New Roman\", Times, serif, -webkit-standard; color: rgb(0, 0, 0); font-size: 18px;'><br></li></ul></li></ol><p><br></p>", "datetime": "2023-07-22T10:22:43.127", "deadline": "2023-07-31T00:22:00", "file": "", "marks": "10.00"}}, {"model": "main.submission", "pk": 1, "fields": {"assignment": 1, "student": 1, "file": "submissions/Internet_Application_Group6-Lab9.pdf", "datetime": "2023-07-21T12:38:44.691", "marks": "0.10", "status": "Submitted"}}, {"model": "main.submission", "pk": 2, "fields": {"assignment": 1, "student": 2, "file": "submissions/Internet_Application_Group6-Lab9_YTPN5m9.pdf", "datetime": "2023-07-21T13:49:41.494", "marks": "0.10", "status": "Submitted"}}, {"model": "main.material", "pk": 1, "fields": {"course_code": 1, "description": "<p>Lecture 1 - Python Concepts&nbsp;</p>", "datetime": "2023-07-11T05:26:01.864", "file": "materials/lec1part1.pdf"}}, {"model": "main.material", "pk": 2, "fields": {"course_code": 1, "description": "<p>Lecture 2</p>", "datetime": "2023-07-21T13:10:16.648", "file": "materials/Lec_2.pdf"}}, {"model": "main.material", "pk": 3, "fields": {"course_code": 1, "description": "<p>Lecture 3</p>", "datetime": "2023-07-21T13:10:33.053", "file": "materials/Lecture_3.pdf"}}, {"model": "main.material", "pk": 4, "fields": {"course_code": 1, "description": "<p>Lecture 4</p>", "datetime": "2023-07-21T13:10:50.740", "file": "materials/Lecture_4_Models.pdf"}}, {"model": "main.material", "pk": 5, "fields": {"course_code": 1, "description": "<p>Lecture 5</p>", "datetime": "2023-07-21T13:17:07.843", "file": "materials/Lecture5Views.pdf"}}, {"model": "main.material", "pk": 6, "fields": {"course_code": 1, "description": "<p>Lecture 6</p>", "datetime": "2023-07-21T13:17:31.085", "file": "materials/lec6_-_templates.pdf"}}, {"model": "main.material", "pk": 7, "fields": {"course_code": 1, "description": "<p>Lecture 7</p>", "datetime": "2023-07-21T13:17:52.723", "file": "materials/forms.pdf"}}, {"model": "main.material", "pk": 8, "fields": {"course_code": 1, "description": "<p><a href=\"https://www.youtube.com/watch?v=rHux0gMZ3Eg&ab_channel=ProgrammingwithMosh\" rel=\"noopener noreferrer\" target=\"_blank\">Django</a></p>", "datetime": "2023-07-23T06:00:48.844", "file": ""}}, {"model": "main.material", "pk": 10, "fields": {"course_code": 1, "description": "<p>Django Forms Tutorial</p>", "datetime": "2023-07-23T06:26:59.153", "file": "materials/movie.mp4"}}, {"model": "main.membership", "pk": 1, "fields": {"name": "Gold", "price": "29.99", "features": "Access to Basic, Intermediate and Advanced Courses,\r\nLifetime Access,\r\nLive Classes for Premium Courses,\r\nPremium Support, and \r\nExclusive Content"}}, {"model": "main.membership", "pk": 2, "fields": {"name": "Silver", "price": "19.99", "features": "Access to Basic and Intermediate Courses, \r\nLifetime Access and \r\nPremium Support"}}, {"model": "main.membership", "pk": 3, "fields": {"name": "Bronze", "price": "9.99", "features": "Access to Basic Courses,\r\nLifetime Access and \r\nBasic Support"}}, {"model": "discussion.studentdiscussion", "pk": 1, "fields": {"content": "hi", "course": 1, "sent_by": 1, "sent_at": "2023-07-11T05:00:54.498"}}, {"model": "discussion.facultydiscussion", "pk": 1, "fields": {"content": "Hello Students", "course": 1, "sent_by": 1, "sent_at": "2023-07-21T13:28:14.529"}}, {"model": "attendance.attendance", "pk": 1, "fields": {"student": 1, "course": 1, "date": "2023-07-07", "status": true, "created_at": "2023-07-11T04:59:47.532", "updated_at": "2023-07-20T08:09:41.154"}}, {"model": "attendance.attendance", "pk": 2, "fields": {"student": 1, "course": 1, "date": "2023-07-09", "status": false, "created_at": "2023-07-11T05:33:03.921", "updated_at": "2023-07-11T05:33:03.921"}}, {"model": "attendance.attendance", "pk": 3, "fields": {"student": 1, "course": 1, "date": "2023-07-21", "status": true, "created_at": "2023-07-21T13:50:40.973", "updated_at": "2023-07-21T13:51:00.868"}}, {"model": "attendance.attendance", "pk": 4, "fields": {"student": 2, "course": 1, "date": "2023-07-21", "status": true, "created_at": "2023-07-21T13:50:40.976", "updated_at": "2023-07-21T13:51:00.872"}}, {"model": "attendance.attendance", "pk": 5, "fields": {"student": 1, "course": 1, "date": "2023-07-20", "status": true, "created_at": "2023-07-21T14:25:23.142", "updated_at": "2023-07-21T14:25:32.657"}}, {"model": "attendance.attendance", "pk": 6, "fields": {"student": 2, "course": 1, "date": "2023-07-20", "status": true, "created_at": "2023-07-21T14:25:23.145", "updated_at": "2023-07-21T14:25:32.662"}}, {"model": "attendance.attendance", "pk": 7, "fields": {"student": 3, "course": 1, "date": "2023-07-20", "status": true, "created_at": "2023-07-21T14:25:23.147", "updated_at": "2023-07-21T14:25:32.667"}}, {"model": "attendance.attendance", "pk": 8, "fields": {"student": 5, "course": 1, "date": "2023-07-20", "status": true, "created_at": "2023-07-21T14:25:23.150", "updated_at": "2023-07-21T14:25:32.670"}}, {"model": "attendance.attendance", "pk": 9, "fields": {"student": 1, "course": 1, "date": "2023-07-19", "status": true, "created_at": "2023-07-21T14:25:54.642", "updated_at": "2023-07-21T14:26:05.370"}}, {"model": "attendance.attendance", "pk": 10, "fields": {"student": 2, "course": 1, "date": "2023-07-19", "status": true, "created_at": "2023-07-21T14:25:54.646", "updated_at": "2023-07-21T14:26:05.377"}}, {"model": "attendance.attendance", "pk": 11, "fields": {"student": 3, "course": 1, "date": "2023-07-19", "status": true, "created_at": "2023-07-21T14:25:54.649", "updated_at": "2023-07-21T14:26:05.382"}}, {"model": "attendance.attendance", "pk": 12, "fields": {"student": 5, "course": 1, "date": "2023-07-19", "status": true, "created_at": "2023-07-21T14:25:54.654", "updated_at": "2023-07-21T14:26:05.385"}}, {"model": "attendance.attendance", "pk": 13, "fields": {"student": 1, "course": 1, "date": "2023-07-18", "status": true, "created_at": "2023-07-21T14:27:40.940", "updated_at": "2023-07-21T14:27:54.227"}}, {"model": "attendance.attendance", "pk": 14, "fields": {"student": 2, "course": 1, "date": "2023-07-18", "status": false, "created_at": "2023-07-21T14:27:40.944", "updated_at": "2023-07-21T14:27:54.233"}}, {"model": "attendance.attendance", "pk": 15, "fields": {"student": 3, "course": 1, "date": "2023-07-18", "status": true, "created_at": "2023-07-21T14:27:40.947", "updated_at": "2023-07-21T14:27:54.236"}}, {"model": "attendance.attendance", "pk": 16, "fields": {"student": 5, "course": 1, "date": "2023-07-18", "status": false, "created_at": "2023-07-21T14:27:40.950", "updated_at": "2023-07-21T14:27:54.238"}}, {"model": "quiz.quiz", "pk": 1, "fields": {"title": "Quiz-1", "description": "Quiz-1 - Python", "course": 1, "start": "2023-07-12T00:00:00", "end": "2023-07-27T00:00:00", "created_at": "2023-07-11T05:15:08.214", "updated_at": "2023-07-22T09:04:46.279", "publish_status": true, "started": true}}, {"model": "quiz.quiz", "pk": 2, "fields": {"title": "Django Forms, Sessions and Cookies", "description": "You have 10 minutes to Complete this Quiz, \r\nNo Negative marking", "course": 1, "start": "2023-07-21T04:13:00", "end": "2023-08-24T16:23:00", "created_at": "2023-07-21T14:14:39.415", "updated_at": "2023-07-22T09:04:46.273", "publish_status": true, "started": true}}, {"model": "quiz.question", "pk": 1, "fields": {"quiz": 1, "question": "my_list = [1, 2, 3, 4, 5]\r\nprint(my_list[1:3])", "marks": 1, "option1": "[1, 2]", "option2": "[2,3]", "option3": "[2,3,4]", "option4": "[1,2,3]", "answer": "B", "explanation": "Python Slicing, Indexing Concept applied"}}, {"model": "quiz.question", "pk": 2, "fields": {"quiz": 1, "question": "Which of the following is the correct way to open a file named \"data.txt\" in Python for reading?", "marks": 1, "option1": "file = open(\"data.txt\", mode=\"r\")", "option2": "file = open(\"data.txt\", \"r\")", "option3": "file = open(\"data.txt\", mode=\"read\")", "option4": "file = open(\"data.txt\")", "answer": "B", "explanation": ""}}, {"model": "quiz.question", "pk": 3, "fields": {"quiz": 1, "question": "What does the len() function do in Python?", "marks": 1, "option1": " Calculates the logarithm of a number", "option2": "Converts a string to lowercase", "option3": "Returns the length of a list, string, or other sequence", "option4": " None of the above", "answer": "C", "explanation": ""}}, {"model": "quiz.question", "pk": 4, "fields": {"quiz": 2, "question": "Which Django module is used to handle HTML forms in views and templates?", "marks": 1, "option1": "django.models", "option2": "django.forms", "option3": "django.html", "option4": "django.templates", "answer": "B", "explanation": ""}}, {"model": "quiz.question", "pk": 5, "fields": {"quiz": 2, "question": "In Django forms, how do you specify a field as required?", "marks": 1, "option1": "a) required=True  ", "option2": "b) required=False", "option3": "c) mandatory=True ", "option4": "d) mandatory=False", "answer": "A", "explanation": ""}}, {"model": "quiz.question", "pk": 6, "fields": {"quiz": 2, "question": "What is the purpose of CSRF (Cross-Site Request Forgery) protection in Django forms?", "marks": 1, "option1": "a) To protect against Cross-Site Scripting (XSS) attacks ", "option2": "b) To prevent users from submitting forms multiple times ", "option3": "c) To prevent unauthorized users from submitting forms on behalf of the authenticated user ", "option4": "d) To secure form data transmission over HTTPS", "answer": "C", "explanation": ""}}, {"model": "quiz.question", "pk": 7, "fields": {"quiz": 2, "question": "How do you access session data in Django views?", "marks": 1, "option1": "a) request.session  ", "option2": "b) request.session_data", "option3": "c) request.sessionData", "option4": " d) request.sessionData()", "answer": "A", "explanation": ""}}, {"model": "quiz.question", "pk": 8, "fields": {"quiz": 2, "question": "Which Django middleware is responsible for handling sessions?", "marks": 1, "option1": "a) SessionMiddleware  ", "option2": "b) AuthenticationMiddleware ", "option3": "c) CookieMiddleware", "option4": "d) CsrfMiddleware", "answer": "A", "explanation": ""}}, {"model": "quiz.studentanswer", "pk": 1, "fields": {"student": 1, "quiz": 1, "question": 1, "answer": "B", "marks": 1, "created_at": "2023-07-21T12:41:15.734"}}, {"model": "quiz.studentanswer", "pk": 2, "fields": {"student": 1, "quiz": 1, "question": 2, "answer": "B", "marks": 1, "created_at": "2023-07-21T12:41:15.736"}}, {"model": "quiz.studentanswer", "pk": 3, "fields": {"student": 1, "quiz": 1, "question": 3, "answer": "C", "marks": 1, "created_at": "2023-07-21T12:41:15.738"}}, {"model": "quiz.studentanswer", "pk": 4, "fields": {"student": 2, "quiz": 1, "question": 1, "answer": "B", "marks": 1, "created_at": "2023-07-21T14:21:12.861"}}, {"model": "quiz.studentanswer", "pk": 5, "fields": {"student": 2, "quiz": 1, "question": 2, "answer": "C", "marks": 0, "created_at": "2023-07-21T14:21:12.865"}}, {"model": "quiz.studentanswer", "pk": 6, "fields": {"student": 2, "quiz": 1, "question": 3, "answer": "B", "marks": 0, "created_at": "2023-07-21T14:21:12.868"}}, {"model": "quiz.studentanswer", "pk": 7, "fields": {"student": 3, "quiz": 1, "question": 1, "answer": "C", "marks": 0, "created_at": "2023-07-21T14:23:30.356"}}, {"model": "quiz.studentanswer", "pk": 8, "fields": {"student": 3, "quiz": 1, "question": 2, "answer": "B", "marks": 1, "created_at": "2023-07-21T14:23:30.359"}}, {"model": "quiz.studentanswer", "pk": 9, "fields": {"student": 3, "quiz": 1, "question": 3, "answer": "C", "marks": 1, "created_at": "2023-07-21T14:23:30.361"}}, {"model": "quiz.studentanswer", "pk": 10, "fields": {"student": 5, "quiz": 1, "question": 1, "answer": "D", "marks": 0, "created_at": "2023-07-21T14:24:57.181"}}, {"model": "quiz.studentanswer", "pk": 11, "fields": {"student": 5, "quiz": 1, "question": 2, "answer": "D", "marks": 0, "created_at": "2023-07-21T14:24:57.184"}}, {"model": "quiz.studentanswer", "pk": 12, "fields": {"student": 5, "quiz": 1, "question": 3, "answer": "D", "marks": 0, "created_at": "2023-07-21T14:24:57.186"}}]